specie,variable,variation,converge,iterations,init,final
F + H2O,R HO,-25,True,21,"[0.720975, 0.9613, 10, 104.2, 0, 0]","[0.9609526825312548, 0.9609526841701133, 22.256550595671474, 104.14771184168715, -0.03397765621454854, 1.0363651608805293]"
F + H2O,R HO,-20,True,3,"[0.7690400000000001, 0.9613, 10, 104.2, 0, 0]","[0.9693439349949193, 0.9613216503768671, 12.150707499925188, 9715.625691276453, -202868653.62743676, 0.09999999999999999]"
F + H2O,R HO,-15,True,20,"[0.817105, 0.9613, 10, 104.2, 0, 0]","[0.9609526893907339, 0.9609526908582758, 24.07813882378257, 11624.1477123622, -2.9650897905952447, 0.4014656616679263]"
F + H2O,R HO,-10,True,18,"[0.86517, 0.9613, 10, 104.2, 0, 0]","[0.9609526900156764, 0.9609526879914196, 976821.8102699327, 104.14771232705559, 63.65986806583374, 0.1]"
F + H2O,R HO,-5,True,19,"[0.913235, 0.9613, 10, 104.2, 0, 0]","[0.9609526810334412, 0.9609526839441637, 20.96367756465484, 104.14771158780587, -9.918997517759568, 0.9202621285842817]"
F + H2O,R HO,0,True,15,"[0.9613, 0.9613, 10, 104.2, 0, 0]","[0.9609526815279036, 0.9609526816632944, 24.705440079109035, 104.14771182297271, 70672447.32158561, 0.10811725659740173]"
F + H2O,R HO,5,True,17,"[1.009365, 0.9613, 10, 104.2, 0, 0]","[0.9408135082246137, 0.9408143218801123, 39669433.02336893, 12270.05016597561, -4.52441112819855, 0.1]"
F + H2O,R HO,10,True,6,"[1.05743, 0.9613, 10, 104.2, 0, 0]","[0.9608168026281554, 0.9608248515076111, 16.183302346803593, 104.15540165945643, -61606975.24977898, 0.0]"
F + H2O,R HO,15,True,21,"[1.1054950000000001, 0.9613, 10, 104.2, 0, 0]","[0.9374341497381791, 0.9374341375307267, 20.054420703172894, 179.99999493906014, 53.410236430236864, 0.33059701492537313]"
F + H2O,R HO,20,True,1,"[1.1535600000000001, 0.9613, 10, 104.2, 0, 0]","[0.3510959626548422, 0.9640867544956472, 11.049682569770942, 104.3, -7.311020817431325e-15, 0]"
F + H2O,R HO,25,True,1,"[1.201625, 0.9613, 10, 104.2, 0, 0]","[-0.6696715892992113, 0.9648030794337391, 11.04915228521018, 104.3, -7.581461415306803e-15, 0]"
F + H2O,R OH',-25,True,20,"[0.9613, 0.720975, 10, 104.2, 0, 0]","[0.9609526926740415, 0.9609526910673629, 22.575831097396506, 104.1477125726612, -5.890775216821255, 0.19999999999999996]"
F + H2O,R OH',-20,True,20,"[0.9613, 0.7690400000000001, 10, 104.2, 0, 0]","[0.9609526805578785, 0.9609526780370805, 17.732507704684792, 104.14771199954856, 0.07282757222133605, -0.12332295933833126]"
F + H2O,R OH',-15,True,20,"[0.9613, 0.817105, 10, 104.2, 0, 0]","[0.9609526863133809, 0.9609526900317608, 18.906864608807567, 104.14771420806004, 19.879026567523237, -0.7829237369776296]"
F + H2O,R OH',-10,True,18,"[0.9613, 0.86517, 10, 104.2, 0, 0]","[0.9609526826783321, 0.9609526817954308, 21.56101910502878, 104.14771014717732, -0.11103573691125625, 0.10000000000000013]"
F + H2O,R OH',-5,True,21,"[0.9613, 0.913235, 10, 104.2, 0, 0]","[0.9609526812770778, 0.9609526807339521, 487728.4475282029, 104.14771331364841, -8.403803177020464, 0.1]"
F + H2O,R OH',0,True,15,"[0.9613, 0.9613, 10, 104.2, 0, 0]","[0.9609526815279036, 0.9609526816632944, 24.705440079109035, 104.14771182297271, 70672447.32158561, 0.10811725659740173]"
F + H2O,R OH',5,True,20,"[0.9613, 1.009365, 10, 104.2, 0, 0]","[0.9609526845291166, 0.9609526817720974, 169998.19778049272, 104.14771097579066, -5.669523195883021, 0.1]"
F + H2O,R OH',10,True,6,"[0.9613, 1.05743, 10, 104.2, 0, 0]","[0.9412843896555917, 0.941450611021177, 12.249163318733405, 27718.07046193615, -8.556357975090375, 0.1250000000000002]"
F + H2O,R OH',15,True,20,"[0.9613, 1.1054950000000001, 10, 104.2, 0, 0]","[0.9609526898013449, 0.9609526918186883, 22.11958441196432, 104.14771291595497, -105617181.85757421, 0.6347787196838769]"
F + H2O,R OH',20,True,1,"[0.9613, 1.1535600000000001, 10, 104.2, 0, 0]","[0.9640860393026475, 0.3510572585047582, 11.048571766921526, 104.3, 5.5555895193306067e-14, 0]"
F + H2O,R OH',25,True,1,"[0.9613, 1.201625, 10, 104.2, 0, 0]","[0.9648022678790839, -0.6699171271587891, 11.047768439885125, 104.3, 6.475156670451986e-14, 0]"
F + H2O,θ HOH',-25,True,22,"[0.9613, 0.9613, 10, 78.15, 0, 0]","[0.9609526929892899, 0.960952692950698, 21.803408120664947, 104.14771343538268, -0.5721099715223315, -0.05090614886731397]"
F + H2O,θ HOH',-20,True,1,"[0.9613, 0.9613, 10, 83.36, 0, 0]","[0.9807750080674673, 0.9807776173053958, 10.1, 101.79183076542614, -1.9066518613394173e-14, 0]"
F + H2O,θ HOH',-15,True,24,"[0.9613, 0.9613, 10, 88.57, 0, 0]","[0.9609526895631806, 0.9609526895766541, 63917.712737849855, 104.14771236197939, -341169808.94080496, 0.1]"
F + H2O,θ HOH',-10,True,22,"[0.9613, 0.9613, 10, 93.78, 0, 0]","[0.9609526782814459, 0.9609526783076513, 30.37761391721553, 104.14771141978837, 193709814.16978127, 0.6233424533392683]"
F + H2O,θ HOH',-5,True,20,"[0.9613, 0.9613, 10, 98.99000000000001, 0, 0]","[0.9609526913507067, 0.9609526913823359, 64882.53664821612, 104.14771247967526, -1.6001019945602895, 0.09999999999999994]"
F + H2O,θ HOH',0,True,15,"[0.9613, 0.9613, 10, 104.2, 0, 0]","[0.9609526815279036, 0.9609526816632944, 24.705440079109035, 104.14771182297271, 70672447.32158561, 0.10811725659740173]"
F + H2O,θ HOH',5,True,21,"[0.9613, 0.9613, 10, 109.41, 0, 0]","[0.9609526900341302, 0.9609526900615208, 188741.70769166152, 104.14771292059169, 0.20000000000008528, 0.1]"
F + H2O,θ HOH',10,True,24,"[0.9613, 0.9613, 10, 114.62, 0, 0]","[0.960952688586025, 0.960952684732524, 16.303070451268223, 104.14771155216022, -4.321692507893931, 3.3919806035580233]"
F + H2O,θ HOH',15,True,32,"[0.9613, 0.9613, 10, 119.83000000000001, 0, 0]","[0.9609526928646849, 0.9609526852774344, 16.44286407456158, 104.14771010582987, 1152916915.9492295, 0.5946482030529621]"
F + H2O,θ HOH',20,True,1,"[0.9613, 0.9613, 10, 125.04, 0, 0]","[0.9613, 0.9613, 10.099999999984293, 125.13999999529418, 0.0999999999999365, 0]"
F + H2O,θ HOH',25,True,5,"[0.9613, 0.9613, 10, 130.25, 0, 0]","[0.9648164049237169, 0.9648164466536332, 67436.35992329451, 104.45920436158636, 0.10000000030905905, 0.0]"
R-vdW (F--H2O),R HO,-25,False,0,"[0.7251, 0.9668, 2.2992, 105.07, 70.54, -83.05]",[]
R-vdW (F--H2O),R HO,-20,False,0,"[0.77344, 0.9668, 2.2992, 105.07, 70.54, -83.05]",[]
R-vdW (F--H2O),R HO,-15,False,0,"[0.82178, 0.9668, 2.2992, 105.07, 70.54, -83.05]",[]
R-vdW (F--H2O),R HO,-10,False,0,"[0.87012, 0.9668, 2.2992, 105.07, 70.54, -83.05]",[]
R-vdW (F--H2O),R HO,-5,False,0,"[0.9184599999999999, 0.9668, 2.2992, 105.07, 70.54, -83.05]",[]
R-vdW (F--H2O),R HO,0,False,0,"[0.9668, 0.9668, 2.2992, 105.07, 70.54, -83.05]",[]
R-vdW (F--H2O),R HO,5,False,0,"[1.01514, 0.9668, 2.2992, 105.07, 70.54, -83.05]",[]
R-vdW (F--H2O),R HO,10,False,0,"[1.06348, 0.9668, 2.2992, 105.07, 70.54, -83.05]",[]
R-vdW (F--H2O),R HO,15,False,0,"[1.11182, 0.9668, 2.2992, 105.07, 70.54, -83.05]",[]
R-vdW (F--H2O),R HO,20,True,1,"[1.16016, 0.9668, 2.2992, 105.07, 70.54, -83.05]","[0.3225833729755947, 0.9648866964391682, 1.9909549460025628, 99.92922414682239, 62.58180541263832, -84.70890420202838]"
R-vdW (F--H2O),R HO,25,False,0,"[1.2085, 0.9668, 2.2992, 105.07, 70.54, -83.05]",[]
R-vdW (F--H2O),R OH',-25,False,0,"[0.9668, 0.7251, 2.2992, 105.07, 70.54, -83.05]",[]
R-vdW (F--H2O),R OH',-20,False,0,"[0.9668, 0.77344, 2.2992, 105.07, 70.54, -83.05]",[]
R-vdW (F--H2O),R OH',-15,False,0,"[0.9668, 0.82178, 2.2992, 105.07, 70.54, -83.05]",[]
R-vdW (F--H2O),R OH',-10,False,0,"[0.9668, 0.87012, 2.2992, 105.07, 70.54, -83.05]",[]
R-vdW (F--H2O),R OH',-5,False,0,"[0.9668, 0.9184599999999999, 2.2992, 105.07, 70.54, -83.05]",[]
R-vdW (F--H2O),R OH',0,False,0,"[0.9668, 0.9668, 2.2992, 105.07, 70.54, -83.05]",[]
R-vdW (F--H2O),R OH',5,False,0,"[0.9668, 1.01514, 2.2992, 105.07, 70.54, -83.05]",[]
R-vdW (F--H2O),R OH',10,False,0,"[0.9668, 1.06348, 2.2992, 105.07, 70.54, -83.05]",[]
R-vdW (F--H2O),R OH',15,False,0,"[0.9668, 1.11182, 2.2992, 105.07, 70.54, -83.05]",[]
R-vdW (F--H2O),R OH',20,True,1,"[0.9668, 1.16016, 2.2992, 105.07, 70.54, -83.05]","[0.9653285852800281, 0.3318873390064916, 1.7981166929683567, 99.87317918614285, 57.72124360646288, -84.80059911663464]"
R-vdW (F--H2O),R OH',25,True,2,"[0.9668, 1.2085, 2.2992, 105.07, 70.54, -83.05]","[0.9923004000990423, -0.6509659316762343, 1.915761406855426, 78.60625310477172, 107.18191572984847, -84.54628414246788]"
R-vdW (F--H2O),R H'F,-25,False,0,"[0.9668, 0.9668, 1.7244, 105.07, 70.54, -83.05]",[]
R-vdW (F--H2O),R H'F,-20,False,0,"[0.9668, 0.9668, 1.8393599999999999, 105.07, 70.54, -83.05]",[]
R-vdW (F--H2O),R H'F,-15,False,0,"[0.9668, 0.9668, 1.9543199999999998, 105.07, 70.54, -83.05]",[]
R-vdW (F--H2O),R H'F,-10,False,0,"[0.9668, 0.9668, 2.06928, 105.07, 70.54, -83.05]",[]
R-vdW (F--H2O),R H'F,-5,False,0,"[0.9668, 0.9668, 2.18424, 105.07, 70.54, -83.05]",[]
R-vdW (F--H2O),R H'F,0,False,0,"[0.9668, 0.9668, 2.2992, 105.07, 70.54, -83.05]",[]
R-vdW (F--H2O),R H'F,5,True,1,"[0.9668, 0.9668, 2.41416, 105.07, 70.54, -83.05]","[0.961148255884784, 0.9607579588585593, 1.271981069052433, 104.0913433156186, 55.2786364099499, -89.45910169058267]"
R-vdW (F--H2O),R H'F,10,True,16,"[0.9668, 0.9668, 2.52912, 105.07, 70.54, -83.05]","[0.9609526903754059, 0.9609526914027043, 33.63376309984172, 104.14771396386774, 4.727758061430278, 151.79703875815215]"
R-vdW (F--H2O),R H'F,15,True,17,"[0.9668, 0.9668, 2.6440799999999998, 105.07, 70.54, -83.05]","[0.960952680001532, 0.9609526797741963, 18.097259853738972, 104.1477116553101, 188.41896217774058, -178.23315587494693]"
R-vdW (F--H2O),R H'F,20,True,17,"[0.9668, 0.9668, 2.7590399999999997, 105.07, 70.54, -83.05]","[0.9609526812153351, 0.960952681173168, 20.8740209559717, 104.14771113973244, -895.7257213130309, 1839.6593761191302]"
R-vdW (F--H2O),R H'F,25,True,17,"[0.9668, 0.9668, 2.8739999999999997, 105.07, 70.54, -83.05]","[0.9609526801793967, 0.960952679869382, 17.475628143833397, 104.14771250212159, 361.9100089487523, -500.7038002733275]"
R-vdW (F--H2O),θ HOH',-25,False,0,"[0.9668, 0.9668, 2.2992, 78.8025, 70.54, -83.05]",[]
R-vdW (F--H2O),θ HOH',-20,False,0,"[0.9668, 0.9668, 2.2992, 84.056, 70.54, -83.05]",[]
R-vdW (F--H2O),θ HOH',-15,False,0,"[0.9668, 0.9668, 2.2992, 89.30949999999999, 70.54, -83.05]",[]
R-vdW (F--H2O),θ HOH',-10,False,0,"[0.9668, 0.9668, 2.2992, 94.56299999999999, 70.54, -83.05]",[]
R-vdW (F--H2O),θ HOH',-5,False,0,"[0.9668, 0.9668, 2.2992, 99.81649999999999, 70.54, -83.05]",[]
R-vdW (F--H2O),θ HOH',0,False,0,"[0.9668, 0.9668, 2.2992, 105.07, 70.54, -83.05]",[]
R-vdW (F--H2O),θ HOH',5,False,0,"[0.9668, 0.9668, 2.2992, 110.3235, 70.54, -83.05]",[]
R-vdW (F--H2O),θ HOH',10,False,0,"[0.9668, 0.9668, 2.2992, 115.577, 70.54, -83.05]",[]
R-vdW (F--H2O),θ HOH',15,False,0,"[0.9668, 0.9668, 2.2992, 120.8305, 70.54, -83.05]",[]
R-vdW (F--H2O),θ HOH',20,False,0,"[0.9668, 0.9668, 2.2992, 126.08399999999999, 70.54, -83.05]",[]
R-vdW (F--H2O),θ HOH',25,False,0,"[0.9668, 0.9668, 2.2992, 131.33749999999998, 70.54, -83.05]",[]
R-vdW (F--H2O),θ OH'F,-25,False,0,"[0.9668, 0.9668, 2.2992, 105.07, 52.905, -83.05]",[]
R-vdW (F--H2O),θ OH'F,-20,False,0,"[0.9668, 0.9668, 2.2992, 105.07, 56.432, -83.05]",[]
R-vdW (F--H2O),θ OH'F,-15,False,0,"[0.9668, 0.9668, 2.2992, 105.07, 59.959, -83.05]",[]
R-vdW (F--H2O),θ OH'F,-10,False,0,"[0.9668, 0.9668, 2.2992, 105.07, 63.486000000000004, -83.05]",[]
R-vdW (F--H2O),θ OH'F,-5,False,0,"[0.9668, 0.9668, 2.2992, 105.07, 67.013, -83.05]",[]
R-vdW (F--H2O),θ OH'F,0,False,0,"[0.9668, 0.9668, 2.2992, 105.07, 70.54, -83.05]",[]
R-vdW (F--H2O),θ OH'F,5,False,0,"[0.9668, 0.9668, 2.2992, 105.07, 74.06700000000001, -83.05]",[]
R-vdW (F--H2O),θ OH'F,10,True,1,"[0.9668, 0.9668, 2.2992, 105.07, 77.59400000000001, -83.05]","[0.9611247513246299, 0.9599939672198804, 1.3636032531494442, 104.05447748861812, 39.61869584136608, -87.21748005566799]"
R-vdW (F--H2O),θ OH'F,15,True,1,"[0.9668, 0.9668, 2.2992, 105.07, 81.12100000000001, -83.05]","[0.9606709758629478, 0.9592574332545664, -0.60227103586683, 104.03082637909257, -272.7284429229012, -87.53121946311798]"
R-vdW (F--H2O),θ OH'F,20,True,17,"[0.9668, 0.9668, 2.2992, 105.07, 84.64800000000001, -83.05]","[0.9609526820130183, 0.960952680890896, 31.598601729243057, 104.14771188791052, 172.5910979623916, -88.11703653675433]"
R-vdW (F--H2O),θ OH'F,25,True,17,"[0.9668, 0.9668, 2.2992, 105.07, 88.17500000000001, -83.05]","[0.960952680973112, 0.9609526798568581, 19.88104029973234, 104.14771107197998, 176.63653482532172, -107.61696453352313]"
R-vdW (F--H2O),φ HOH'F,-25,False,0,"[0.9668, 0.9668, 2.2992, 105.07, 70.54, -62.287499999999994]",[]
R-vdW (F--H2O),φ HOH'F,-20,False,0,"[0.9668, 0.9668, 2.2992, 105.07, 70.54, -66.44]",[]
R-vdW (F--H2O),φ HOH'F,-15,False,0,"[0.9668, 0.9668, 2.2992, 105.07, 70.54, -70.5925]",[]
R-vdW (F--H2O),φ HOH'F,-10,False,0,"[0.9668, 0.9668, 2.2992, 105.07, 70.54, -74.745]",[]
R-vdW (F--H2O),φ HOH'F,-5,False,0,"[0.9668, 0.9668, 2.2992, 105.07, 70.54, -78.8975]",[]
R-vdW (F--H2O),φ HOH'F,0,False,0,"[0.9668, 0.9668, 2.2992, 105.07, 70.54, -83.05]",[]
R-vdW (F--H2O),φ HOH'F,5,False,0,"[0.9668, 0.9668, 2.2992, 105.07, 70.54, -87.2025]",[]
R-vdW (F--H2O),φ HOH'F,10,False,0,"[0.9668, 0.9668, 2.2992, 105.07, 70.54, -91.35499999999999]",[]
R-vdW (F--H2O),φ HOH'F,15,False,0,"[0.9668, 0.9668, 2.2992, 105.07, 70.54, -95.5075]",[]
R-vdW (F--H2O),φ HOH'F,20,False,0,"[0.9668, 0.9668, 2.2992, 105.07, 70.54, -99.66]",[]
R-vdW (F--H2O),φ HOH'F,25,False,0,"[0.9668, 0.9668, 2.2992, 105.07, 70.54, -103.8125]",[]
TS,R HO,-25,True,1,"[0.727875, 1.0389, 1.3128, 103.0, 121.99, 68.72]","[0.8927871822446607, 1.025720895879879, 0.2959024998270565, 107.31479735701788, 120.39271365757686, 63.80339987274124]"
TS,R HO,-20,True,45,"[0.7764, 1.0389, 1.3128, 103.0, 121.99, 68.72]","[0.9728187807537546, 1.7700694583302872, 0.935419840317372, 108.64972226980849, 173.61588131637586, -719.9999159332273]"
TS,R HO,-15,True,3,"[0.824925, 1.0389, 1.3128, 103.0, 121.99, 68.72]","[0.9768529449246338, 1.1028542930729763, 0.6647011810135993, 95.03421127037157, 172.20575508167212, 79.57745198023338]"
TS,R HO,-10,True,3,"[0.8734500000000001, 1.0389, 1.3128, 103.0, 121.99, 68.72]","[0.9790158820033652, 0.9372949774210888, 0.6266892502453173, 96.16625479857919, 156.77930511178533, 78.72413976254232]"
TS,R HO,-5,True,3,"[0.921975, 1.0389, 1.3128, 103.0, 121.99, 68.72]","[0.9790328084498928, -0.9223892303850194, 0.5053105016102604, 97.00334564004157, 139.64688852242793, 77.69103718533178]"
TS,R HO,0,True,19,"[0.9705, 1.0389, 1.3128, 103.0, 121.99, 68.72]","[0.9728139837534621, -23.04254688510322, 0.9223084065887835, -0.3921441065183231, 361.3333093484647, 0.8927985083585042]"
TS,R HO,5,True,11,"[1.019025, 1.0389, 1.3128, 103.0, 121.99, 68.72]","[0.9728271590465546, -11.654223395878159, 0.9222011758761711, 359.99406754268745, 180.0026259718605, -0.0003356819049505981]"
TS,R HO,10,True,20,"[1.06755, 1.0389, 1.3128, 103.0, 121.99, 68.72]","[0.9728139834377943, 20.275481240394974, 0.9223084175180158, 180.04796532462032, 180.1719948643305, -361.0253292712417]"
TS,R HO,15,True,49,"[1.1160750000000002, 1.0389, 1.3128, 103.0, 121.99, 68.72]","[0.9728187804821441, 1.7700695292211175, 0.9354198519622298, 108.64971535519567, 173.61588227973445, -6.621759047199024e-05]"
TS,R HO,20,True,1,"[1.1646, 1.0389, 1.3128, 103.0, 121.99, 68.72]","[0.4785341660126624, 1.0559731413162108, 1.0982088680276474, 99.3497645105538, 122.0598318169942, 68.3404094761154]"
TS,R HO,25,True,1,"[1.213125, 1.0389, 1.3128, 103.0, 121.99, 68.72]","[-0.08419412708884821, 1.0580606054297068, 1.1075860981498153, 98.45191771583437, 122.25596041278392, 69.01521767295485]"
TS,R OH',-25,False,0,"[0.9705, 0.779175, 1.3128, 103.0, 121.99, 68.72]",[]
TS,R OH',-20,True,2,"[0.9705, 0.83112, 1.3128, 103.0, 121.99, 68.72]","[0.9616508925589293, 0.9667398368186224, 0.1515572367705862, 103.90998503953156, 274.1027342439904, 72.7028757454365]"
TS,R OH',-15,False,0,"[0.9705, 0.883065, 1.3128, 103.0, 121.99, 68.72]",[]
TS,R OH',-10,True,21,"[0.9705, 0.9350099999999999, 1.3128, 103.0, 121.99, 68.72]","[0.9607892800866311, 0.9611890593843601, 2.259850494563312, 104.32975231504773, 552.3263906182972, -0.001047252302198532]"
TS,R OH',-5,True,2,"[0.9705, 0.9869549999999999, 1.3128, 103.0, 121.99, 68.72]","[0.9671963320834251, 0.9147074369332664, 1.6328109231342787, 102.53005780062566, 62.61509886738406, 65.26974274489905]"
TS,R OH',0,True,19,"[0.9705, 1.0389, 1.3128, 103.0, 121.99, 68.72]","[0.9728139837534621, -23.04254688510322, 0.9223084065887835, -0.3921441065183231, 361.3333093484647, 0.8927985083585042]"
TS,R OH',5,True,24,"[0.9705, 1.0908449999999998, 1.3128, 103.0, 121.99, 68.72]","[0.9608626333807962, 0.9610116118817424, 2.2707792860532336, 104.2657422269937, 139.80360807590336, 116.00473425536566]"
TS,R OH',10,True,2,"[0.9705, 1.14279, 1.3128, 103.0, 121.99, 68.72]","[0.9678620951842057, -129.6536493940681, 1.8982098150059898, 101.64684580705358, 116.58997356766857, 63.227625430616875]"
TS,R OH',15,True,2,"[0.9705, 1.1947349999999999, 1.3128, 103.0, 121.99, 68.72]","[0.9677010050060721, 2.175550613575119, 2.0935892523845343, 93.25002420847073, 144.28844979635716, -2203.4769564737353]"
TS,R OH',20,True,1,"[0.9705, 1.24668, 1.3128, 103.0, 121.99, 68.72]","[0.977618438656388, 0.6016852743508478, 1.810101361039191, 99.76802371130745, 103.83398224530457, 60.46985979092135]"
TS,R OH',25,True,1,"[0.9705, 1.298625, 1.3128, 103.0, 121.99, 68.72]","[0.9783811900348135, -0.05349863827866397, 2.461260650610269, 99.22284372685183, 125.9826902856958, 63.87643582609023]"
TS,R H'F,-25,True,48,"[0.9705, 1.0389, 0.9845999999999999, 103.0, 121.99, 68.72]","[0.9728187795952321, 1.7700695042806458, 0.9354198507214674, 108.64972211745919, 173.6158865525246, 5.735016304089487e-05]"
TS,R H'F,-20,True,2,"[0.9705, 1.0389, 1.05024, 103.0, 121.99, 68.72]","[0.9779290236213255, -0.9600898915948228, 0.8350119300979301, 96.7828985141315, 136.8074663001106, 78.14024000754618]"
TS,R H'F,-15,True,3,"[0.9705, 1.0389, 1.11588, 103.0, 121.99, 68.72]","[0.9580645330186689, 0.24546913424039563, 2.3108665020654837, 99.69436866134151, 130.9024626169203, 116.1788502965449]"
TS,R H'F,-10,False,0,"[0.9705, 1.0389, 1.18152, 103.0, 121.99, 68.72]",[]
TS,R H'F,-5,True,25,"[0.9705, 1.0389, 1.24716, 103.0, 121.99, 68.72]","[0.9608626308220555, 0.9610116216927319, 2.2707797276843635, 104.26574486660019, 139.80346049897386, 116.0049667887684]"
TS,R H'F,0,True,19,"[0.9705, 1.0389, 1.3128, 103.0, 121.99, 68.72]","[0.9728139837534621, -23.04254688510322, 0.9223084065887835, -0.3921441065183231, 361.3333093484647, 0.8927985083585042]"
TS,R H'F,5,True,26,"[0.9705, 1.0389, 1.3784399999999999, 103.0, 121.99, 68.72]","[0.960862633375742, 0.9610116103812777, 2.2707793287233713, 104.26574204910983, 2740.1963878281917, 63.99568931889722]"
TS,R H'F,10,True,3,"[0.9705, 1.0389, 1.44408, 103.0, 121.99, 68.72]","[0.9630047393884471, 0.9517979770691166, 1.9503158156102702, 103.69694327776519, 18.452964851991794, 80.47901995676035]"
TS,R H'F,15,True,1,"[0.9705, 1.0389, 1.50972, 103.0, 121.99, 68.72]","[0.9658625709628502, 0.9300938612557377, 1.6275624266786448, 102.75742087338071, 39.4695631681892, 68.12902464390105]"
TS,R H'F,20,True,1,"[0.9705, 1.0389, 1.5753599999999999, 103.0, 121.99, 68.72]","[0.9644159773607069, 0.9141604744202041, 1.639823500018021, 102.73569488537142, 392.6199123556318, 70.87420800257264]"
TS,R H'F,25,True,20,"[0.9705, 1.0389, 1.641, 103.0, 121.99, 68.72]","[0.9607892802086976, 0.961189059089972, 2.2598504894892355, 104.3297526715554, 192.32642904149287, 0.0006436756544757778]"
TS,θ HOH',-25,True,48,"[0.9705, 1.0389, 1.3128, 77.25, 121.99, 68.72]","[0.9728187817505922, 1.7700694783745248, 0.9354198502411818, 108.64972614258774, 186.38410271686277, 180.00027750130772]"
TS,θ HOH',-20,True,52,"[0.9705, 1.0389, 1.3128, 82.4, 121.99, 68.72]","[0.9728187801298382, 1.770069503804198, 0.9354198523341536, 108.64972146107172, -533.6159027459536, -180.00035636099696]"
TS,θ HOH',-15,True,3,"[0.9705, 1.0389, 1.3128, 87.55, 121.99, 68.72]","[0.9798089799649394, 0.7283238116906747, 0.6989041266978504, 96.67856530102577, 246.34714363625682, 77.89488013721807]"
TS,θ HOH',-10,True,3,"[0.9705, 1.0389, 1.3128, 92.7, 121.99, 68.72]","[0.9781833526518195, -16.083901667942243, 0.6127367437965211, 96.92116017864544, 139.63154593276633, 77.78881233695174]"
TS,θ HOH',-5,True,19,"[0.9705, 1.0389, 1.3128, 97.85, 121.99, 68.72]","[0.9728139864166071, -21.433751746780754, 0.9223084201616797, 95.03752413837945, 138.4368251734192, 78.20701813959866]"
TS,θ HOH',0,True,19,"[0.9705, 1.0389, 1.3128, 103.0, 121.99, 68.72]","[0.9728139837534621, -23.04254688510322, 0.9223084065887835, -0.3921441065183231, 361.3333093484647, 0.8927985083585042]"
TS,θ HOH',5,True,3,"[0.9705, 1.0389, 1.3128, 108.15, 121.99, 68.72]","[0.9784122057917775, 0.7813675563426092, 0.5902914781459914, 96.36543461397775, 152.4971464887882, 78.50068797931259]"
TS,θ HOH',10,True,57,"[0.9705, 1.0389, 1.3128, 113.3, 121.99, 68.72]","[0.9728187818120431, 1.770069460115767, 0.935419840324937, 108.6497182979188, 173.61588183904928, 0.0001975659754868798]"
TS,θ HOH',15,True,47,"[0.9705, 1.0389, 1.3128, 118.45, 121.99, 68.72]","[0.9728187799660941, 1.7700694518889786, 0.9354198405573461, 108.64972230589507, 173.61588819835916, -9.40772627543282e-06]"
TS,θ HOH',20,True,1,"[0.9705, 1.0389, 1.3128, 123.6, 121.99, 68.72]","[0.9600916192300214, 1.04152773151708, 0.7425330394858828, 89.03267311575684, 122.27368134486909, 61.97028193716887]"
TS,θ HOH',25,True,1,"[0.9705, 1.0389, 1.3128, 128.75, 121.99, 68.72]","[0.9582450743573334, 1.0487340947000985, 0.6054753679716549, 70.67309688502687, 123.440620185312, 61.29452963760622]"
TS,θ OH'F,-25,True,2,"[0.9705, 1.0389, 1.3128, 103.0, 91.49249999999999, 68.72]","[0.9693497134684548, 0.31874518582168077, 1.8220442631188984, 100.227776702107, 96.00176940084803, 67.13922882187079]"
TS,θ OH'F,-20,True,20,"[0.9705, 1.0389, 1.3128, 103.0, 97.592, 68.72]","[0.9607892778725908, 0.9611890470529172, 2.2598504313335934, 104.32975235079631, 192.32634806311844, -2519.99953425494]"
TS,θ OH'F,-15,True,25,"[0.9705, 1.0389, 1.3128, 103.0, 103.69149999999999, 68.72]","[0.9609526813356378, 0.9609526867435078, 20.83742828171585, 104.14771177484101, 183.14862909939205, 139.72960570431724]"
TS,θ OH'F,-10,True,29,"[0.9705, 1.0389, 1.3128, 103.0, 109.791, 68.72]","[0.9608626334723154, 0.9610116048363033, 2.2707792033853798, 104.26574112887951, -859.803609968403, 63.996138294528386]"
TS,θ OH'F,-5,True,25,"[0.9705, 1.0389, 1.3128, 103.0, 115.89049999999999, 68.72]","[0.9608626348032054, 0.9610116158048618, 2.270779214764801, 104.26574186798597, 139.80378624773334, 116.00476987528478]"
TS,θ OH'F,0,True,19,"[0.9705, 1.0389, 1.3128, 103.0, 121.99, 68.72]","[0.9728139837534621, -23.04254688510322, 0.9223084065887835, -0.3921441065183231, 361.3333093484647, 0.8927985083585042]"
TS,θ OH'F,5,True,4,"[0.9705, 1.0389, 1.3128, 103.0, 128.0895, 68.72]","[0.973183844697844, 0.14679723865186234, 1.9012080044694462, 103.99022395299602, 132.6643484084528, 71.12091572999478]"
TS,θ OH'F,10,True,3,"[0.9705, 1.0389, 1.3128, 103.0, 134.189, 68.72]","[0.9635561263644417, 0.9718364911514079, 1.9877060487317528, 104.71958134693236, 45.316616511611436, 81.06209705340274]"
TS,θ OH'F,15,True,5,"[0.9705, 1.0389, 1.3128, 103.0, 140.2885, 68.72]","[0.9610616217855519, 0.9610857632152934, 1.9786690030953231, 104.1792031459328, 36.58255526113414, 84.01031904524268]"
TS,θ OH'F,20,False,0,"[0.9705, 1.0389, 1.3128, 103.0, 146.388, 68.72]",[]
TS,θ OH'F,25,True,1,"[0.9705, 1.0389, 1.3128, 103.0, 152.48749999999998, 68.72]","[0.9674210347485976, 1.0102640971037298, 1.4630147587917555, 103.86945667352403, 327.7626992164794, 56.12300342228391]"
TS,φ HOH'F,-25,True,29,"[0.9705, 1.0389, 1.3128, 103.0, 121.99, 51.54]","[0.9608626291586053, 0.9610115932473111, 2.2707796335704202, 104.26574415499944, 139.80308457800288, 116.0028958937618]"
TS,φ HOH'F,-20,True,4,"[0.9705, 1.0389, 1.3128, 103.0, 121.99, 54.976]","[0.9598898200401114, 0.3472697859929921, 1.7592480234414587, 100.27463042733868, 153.431637560304, 93.88846012589352]"
TS,φ HOH'F,-15,True,4,"[0.9705, 1.0389, 1.3128, 103.0, 121.99, 58.412]","[0.9581870533907539, 0.20484640169371882, 2.3177806490215302, 99.6526844869396, 131.08088000240525, 118.93635796794706]"
TS,φ HOH'F,-10,True,46,"[0.9705, 1.0389, 1.3128, 103.0, 121.99, 61.848]","[0.9728187810365829, 1.7700694554747138, 0.9354198403779541, 108.64972205297732, 173.6158826795783, -0.00011461677200571466]"
TS,φ HOH'F,-5,True,19,"[0.9705, 1.0389, 1.3128, 103.0, 121.99, 65.28399999999999]","[0.9728139858113539, 19.497123520891197, 0.9223084075844855, 180.7051854283219, 179.51570669176294, -72.74662113410304]"
TS,φ HOH'F,0,True,19,"[0.9705, 1.0389, 1.3128, 103.0, 121.99, 68.72]","[0.9728139837534621, -23.04254688510322, 0.9223084065887835, -0.3921441065183231, 361.3333093484647, 0.8927985083585042]"
TS,φ HOH'F,5,True,3,"[0.9705, 1.0389, 1.3128, 103.0, 121.99, 72.156]","[0.9776635721342161, -3.9509018327832655, 0.6686858112122013, 96.93260351234721, 138.53437383508776, 77.67313523551232]"
TS,φ HOH'F,10,True,3,"[0.9705, 1.0389, 1.3128, 103.0, 121.99, 75.592]","[0.9787856528608654, 0.7339399382185258, 0.5909739929632325, 96.48479297037042, 151.3709397510474, 78.3988115984096]"
TS,φ HOH'F,15,True,3,"[0.9705, 1.0389, 1.3128, 103.0, 121.99, 79.028]","[0.9788640463868258, 0.9572940131488608, 0.6362723593565035, 96.21287683204858, 155.73120089207822, 78.72267348544541]"
TS,φ HOH'F,20,True,3,"[0.9705, 1.0389, 1.3128, 103.0, 121.99, 82.464]","[0.9788955361919522, 1.01513973914298, 0.6345171435742927, 95.85905528856017, 158.3255205013159, 78.9280979479364]"
TS,φ HOH'F,25,True,3,"[0.9705, 1.0389, 1.3128, 103.0, 121.99, 85.9]","[0.9789467686879648, 1.0835259820724, 0.6611596287170891, 95.75358589462685, 159.81501479381737, 79.06548213040242]"
P-vdW (HO--HF),R HO,-25,True,13,"[0.73035, 1.8037, 0.933, 111.48, 179.16, 0]","[0.9771552905619013, -0.31095727618114766, -3.2489560831422177, -2339.98971728408, 180.0003342659581, 0.08985417098625392]"
P-vdW (HO--HF),R HO,-20,True,47,"[0.77904, 1.8037, 0.933, 111.48, 179.16, 0]","[0.9728187783654766, 1.7700694962987014, 0.9354198518406857, -4068.6497399270056, 186.38409838916706, 0.0005504224014363891]"
P-vdW (HO--HF),R HO,-15,True,49,"[0.82773, 1.8037, 0.933, 111.48, 179.16, 0]","[0.9728187810013541, 1.7700694645499733, 0.9354198407933083, -6731.35028403169, 173.61587677132462, -0.00033650465107751303]"
P-vdW (HO--HF),R HO,-10,True,50,"[0.87642, 1.8037, 0.933, 111.48, 179.16, 0]","[0.972818778023044, 1.770069504126734, 0.9354198517899529, -11988.64973723893, 186.38409473882942, 3.3867213774028244e-05]"
P-vdW (HO--HF),R HO,-5,True,61,"[0.92511, 1.8037, 0.933, 111.48, 179.16, 0]","[0.9728187785937015, 1.7700695032823501, 0.9354198521540388, 585971.3502607817, 186.38409997534802, -0.0003985769438263055]"
P-vdW (HO--HF),R HO,0,True,43,"[0.9738, 1.8037, 0.933, 111.48, 179.16, 0]","[0.9728187798192719, 1.7700694525108212, 0.9354198411196821, 80171.35026550667, 186.3841051061925, 0.0003653491596767088]"
P-vdW (HO--HF),R HO,5,True,41,"[1.02249, 1.8037, 0.933, 111.48, 179.16, 0]","[0.9728187807443296, 1.7700694614042796, 0.9354198401945291, 20628.649725573043, 173.61588535585574, 0.0004036845607783213]"
P-vdW (HO--HF),R HO,10,True,78,"[1.07118, 1.8037, 0.933, 111.48, 179.16, 0]","[0.9728187788604069, 1.7700694336412057, 0.9354198396014715, 12131.350259970324, 186.38409557818824, 4.74799820298078e-05]"
P-vdW (HO--HF),R HO,15,True,20,"[1.1198700000000001, 1.8037, 0.933, 111.48, 179.16, 0]","[0.9728139885701468, 20.123078176023178, 0.9223084136414399, 7919.69717431195, 180.09108170375848, -0.03396258526678787]"
P-vdW (HO--HF),R HO,20,True,1,"[1.16856, 1.8037, 0.933, 111.48, 179.16, 0]","[0.2904433088898841, 1.7442338546458491, 0.9336943412660617, 6675.041904254015, 179.16000000004112, 0.10000000000000134]"
P-vdW (HO--HF),R HO,25,True,46,"[1.21725, 1.8037, 0.933, 111.48, 179.16, 0]","[-0.9728288193552664, 1.770069284305025, 0.9354198916244583, 5471.350648762167, 186.38415614173402, -8.875293700300285e-05]"
P-vdW (HO--HF),R OH',-25,True,8,"[0.9738, 1.352775, 0.933, 111.48, 179.16, 0]","[0.9692376581623504, 1.9368809295748757, 0.9384223264739536, 18899.99993893732, 179.999645137647, -0.01762108262108376]"
P-vdW (HO--HF),R OH',-20,True,49,"[0.9738, 1.44296, 0.933, 111.48, 179.16, 0]","[0.9728187793126408, 1.7700694925933866, 0.9354198506684045, 23651.350258586346, 186.38409887175465, -0.0003749789137164622]"
P-vdW (HO--HF),R OH',-15,True,42,"[0.9738, 1.533145, 0.933, 111.48, 179.16, 0]","[0.9728187788805971, 1.7700694293376205, 0.9354198395515668, 36971.350251465585, 186.38409104237536, -0.0007345875565729029]"
P-vdW (HO--HF),R OH',-10,True,42,"[0.9738, 1.6233300000000002, 0.933, 111.48, 179.16, 0]","[0.97281877839152, 1.7700694937244454, 0.9354198504718767, 51011.350260241365, 186.3840913439859, 0.00017121578426507878]"
P-vdW (HO--HF),R OH',-5,True,40,"[0.9738, 1.7135150000000001, 0.933, 111.48, 179.16, 0]","[0.972818781232001, 1.7700694602968454, 0.9354198398699395, 59868.64972046034, 173.6158810730088, -4.074302338581839e-05]"
P-vdW (HO--HF),R OH',0,True,43,"[0.9738, 1.8037, 0.933, 111.48, 179.16, 0]","[0.9728187798192719, 1.7700694525108212, 0.9354198411196821, 80171.35026550667, 186.3841051061925, 0.0003653491596767088]"
P-vdW (HO--HF),R OH',5,True,44,"[0.9738, 1.893885, 0.933, 111.48, 179.16, 0]","[0.9728187798410765, 1.770069531588289, 0.9354198521483144, 205668.64971910478, 173.61588704837024, 0.00045303209498653786]"
P-vdW (HO--HF),R OH',10,True,74,"[0.9738, 1.98407, 0.933, 111.48, 179.16, 0]","[0.9728187817447199, 1.7700694496773497, 0.9354198407870453, 603828.6497259601, 173.61588628687406, -0.0001528430616255687]"
P-vdW (HO--HF),R OH',15,True,15,"[0.9738, 2.074255, 0.933, 111.48, 179.16, 0]","[0.9728139811976413, -16.149432526246375, 0.9223084262638972, -74159.72554278206, 359.01447882681225, 0.1809345145164783]"
P-vdW (HO--HF),R OH',20,True,14,"[0.9738, 2.16444, 0.933, 111.48, 179.16, 0]","[0.9728139897806642, 19.7741143963338, 0.9223084097163916, -50219.85882876224, 179.49951816546226, 0.7025170523158843]"
P-vdW (HO--HF),R OH',25,True,15,"[0.9738, 2.254625, 0.933, 111.48, 179.16, 0]","[0.9728139830314745, 18.3445250802149, 0.9223084101861442, -41939.76095584175, 181.26511241044682, -0.299627143925309]"
P-vdW (HO--HF),R H'F,-25,True,1,"[0.9738, 1.8037, 0.6997500000000001, 111.48, 179.16, 0]","[0.9738, 1.8037, 0.5490761743080744, 111.48, 9319.012625094729, 0.0]"
P-vdW (HO--HF),R H'F,-20,True,1,"[0.9738, 1.8037, 0.7464000000000001, 111.48, 179.16, 0]","[0.9738, 1.8037, 0.408389720108408, 111.48, 16286.216499776283, 0.0]"
P-vdW (HO--HF),R H'F,-15,True,54,"[0.9738, 1.8037, 0.79305, 111.48, 179.16, 0]","[0.9728187818359978, 1.770069464002564, 0.9354198413938973, 108.64972116251879, 173.61588428023188, 0.00041893331782538187]"
P-vdW (HO--HF),R H'F,-10,True,45,"[0.9738, 1.8037, 0.8397, 111.48, 179.16, 0]","[0.9728187816479513, 1.7700694511368547, 0.9354198397866424, 108.64972165092031, 14573.615880705527, -0.00030911376480166446]"
P-vdW (HO--HF),R H'F,-5,True,1,"[0.9738, 1.8037, 0.8863500000000001, 111.48, 179.16, 0]","[0.9738, 1.8037, 0.8863500000000001, 111.48, 179.16, 0.0]"
P-vdW (HO--HF),R H'F,0,True,43,"[0.9738, 1.8037, 0.933, 111.48, 179.16, 0]","[0.9728187798192719, 1.7700694525108212, 0.9354198411196821, 80171.35026550667, 186.3841051061925, 0.0003653491596767088]"
P-vdW (HO--HF),R H'F,5,True,102,"[0.9738, 1.8037, 0.97965, 111.48, 179.16, 0]","[0.9728139840577084, 17.318006842231927, 0.9223084073705216, 0.5848036320276848, -687780.227792061, 0.3219040439029515]"
P-vdW (HO--HF),R H'F,10,True,4,"[0.9738, 1.8037, 1.0263, 111.48, 179.16, 0]","[0.9607133322317586, 1.9938115748944782, -2.9927012006088765, 134.7680429762787, 8470.643051146397, -1.2997729061897792e-05]"
P-vdW (HO--HF),R H'F,15,True,3,"[0.9738, 1.8037, 1.07295, 111.48, 179.16, 0]","[0.977122433541058, 7.445509323129686, 3.541601339603206, 146.11352968752493, 255.4400395181333, -0.0062997762716587614]"
P-vdW (HO--HF),R H'F,20,True,1,"[0.9738, 1.8037, 1.1196000000000002, 111.48, 179.16, 0]","[0.9740627421965954, -1.2044567029702868, 1.1725695200181574, 109.40914085343078, 171.55063189138423, 0.10000000000000411]"
P-vdW (HO--HF),R H'F,25,True,3,"[0.9738, 1.8037, 1.16625, 111.48, 179.16, 0]","[0.9720861220877289, 5.997244356084375, 19.12211935970997, 145.90472832246448, 129.33721567630562, -0.018571428571431278]"
P-vdW (HO--HF),θ HOH',-25,True,1,"[0.9738, 1.8037, 0.933, 83.61, 179.16, 0]","[0.9738, 1.8037, 0.933, 83.61, 179.16, 0.0]"
P-vdW (HO--HF),θ HOH',-20,True,39,"[0.9738, 1.8037, 0.933, 89.184, 179.16, 0]","[0.9728187792879635, 1.7700695229217858, 0.9354198521470395, 108.64972099056193, 173.6158889442073, -0.00012943288044260735]"
P-vdW (HO--HF),θ HOH',-15,True,65,"[0.9738, 1.8037, 0.933, 94.75800000000001, 179.16, 0]","[0.97281877963698, 1.7700695290316433, 0.9354198520009605, -2051.350280887419, 173.61588423896893, 0.0006336539742439005]"
P-vdW (HO--HF),θ HOH',-10,True,8,"[0.9738, 1.8037, 0.933, 100.33200000000001, 179.16, 0]","[0.970411146884314, 1.906817540089141, 0.9284753055115454, 179.9963563232143, 5220.000070702148, 0.04352313902702786]"
P-vdW (HO--HF),θ HOH',-5,True,11,"[0.9738, 1.8037, 0.933, 105.906, 179.16, 0]","[0.9727268320505117, 1.7747189426869643, 0.9362833465136305, -8531.478533234498, 7013.793950996649, -2.8785773806355394e-06]"
P-vdW (HO--HF),θ HOH',0,True,43,"[0.9738, 1.8037, 0.933, 111.48, 179.16, 0]","[0.9728187798192719, 1.7700694525108212, 0.9354198411196821, 80171.35026550667, 186.3841051061925, 0.0003653491596767088]"
P-vdW (HO--HF),θ HOH',5,True,40,"[0.9738, 1.8037, 0.933, 117.054, 179.16, 0]","[0.9728187804221431, 1.770069529525249, 0.9354198522230154, 108.64971392003604, 173.61587656514038, -0.00022237000852770968]"
P-vdW (HO--HF),θ HOH',10,True,41,"[0.9738, 1.8037, 0.933, 122.628, 179.16, 0]","[0.9728187808038556, 1.7700694505142642, 0.9354198394740828, 108.64972765974989, 173.61588744549172, 0.0005322655321954949]"
P-vdW (HO--HF),θ HOH',15,True,41,"[0.9738, 1.8037, 0.933, 128.202, 179.16, 0]","[0.9728187812561581, 1.7700694758159776, 0.9354198404650181, 108.6497207022259, 173.6158795047881, 5.199504226322839e-05]"
P-vdW (HO--HF),θ HOH',20,True,1,"[0.9738, 1.8037, 0.933, 133.776, 179.16, 0]","[0.9738, 1.8037, 0.933, 133.776, 179.16, 0.0]"
P-vdW (HO--HF),θ HOH',25,True,27,"[0.9738, 1.8037, 0.933, 139.35, 179.16, 0]","[0.9728139791006127, 19.556690933673952, 0.9223084119820567, 2703.1955256822403, -12421.053593748655, -0.05610418973971093]"
P-vdW (HO--HF),θ OH'F,-25,True,71,"[0.9738, 1.8037, 0.933, 111.48, 134.37, 0]","[0.9728187798082326, 1.7700695134549742, 0.9354198507804937, 108.64971441056394, 173.61587883040232, -0.0008411199190430656]"
P-vdW (HO--HF),θ OH'F,-20,True,47,"[0.9738, 1.8037, 0.933, 111.48, 143.328, 0]","[0.9728187801399202, 1.7700695239189614, 0.9354198516673655, 108.64972027614266, 173.6158894567376, 0.0004238314631628712]"
P-vdW (HO--HF),θ OH'F,-15,True,44,"[0.9738, 1.8037, 0.933, 111.48, 152.286, 0]","[0.9728187800311835, 1.7700695230357888, 0.9354198516108164, 108.64971606659142, 173.6158879718898, 0.0005446621420308149]"
P-vdW (HO--HF),θ OH'F,-10,True,58,"[0.9738, 1.8037, 0.933, 111.48, 161.244, 0]","[0.9728187811322432, 1.7700695235080488, 0.935419851158751, 108.64972467878998, 173.61588493984112, 0.0003099245505659793]"
P-vdW (HO--HF),θ OH'F,-5,True,45,"[0.9738, 1.8037, 0.933, 111.48, 170.202, 0]","[0.9728187807745222, 1.7700694580288092, 0.9354198397217448, -17891.350277315865, 173.61588561023518, 0.00048421272768894434]"
P-vdW (HO--HF),θ OH'F,0,True,43,"[0.9738, 1.8037, 0.933, 111.48, 179.16, 0]","[0.9728187798192719, 1.7700694525108212, 0.9354198411196821, 80171.35026550667, 186.3841051061925, 0.0003653491596767088]"
P-vdW (HO--HF),θ OH'F,5,True,63,"[0.9738, 1.8037, 0.933, 111.48, 188.118, 0]","[0.9728187817791522, 1.7700694693131398, 0.9354198415125681, 108.64972117877221, 173.61587991479138, -3.7578326388380216e-05]"
P-vdW (HO--HF),θ OH'F,10,True,32,"[0.9738, 1.8037, 0.933, 111.48, 197.076, 0]","[0.9728187803239259, 1.770069517902519, 0.935419851629284, 108.64971220727976, 173.615879296223, -0.0001336148322407711]"
P-vdW (HO--HF),θ OH'F,15,True,75,"[0.9738, 1.8037, 0.933, 111.48, 206.034, 0]","[0.9728187824439298, 1.7700695135396385, 0.9354198512908726, 108.64971848600415, 173.61587914873735, -0.0006185890012449862]"
P-vdW (HO--HF),θ OH'F,20,True,23,"[0.9738, 1.8037, 0.933, 111.48, 214.992, 0]","[0.9728139831276518, 17.666418451286127, 0.9223084093906213, -3060.111754192249, 180.2225034321874, 0.943462668601794]"
P-vdW (HO--HF),θ OH'F,25,True,1,"[0.9738, 1.8037, 0.933, 111.48, 223.95, 0]","[0.9738, 1.8037, 0.933, 111.48, 1030.976112080595, 0.10000000000044942]"
P-vdW (HO--HF),φ HOH'F,-25,True,43,"[0.9738, 1.8037, 0.933, 111.48, 179.16, 0.0]","[0.9728187798192719, 1.7700694525108212, 0.9354198411196821, 80171.35026550667, 186.3841051061925, 0.0003653491596767088]"
P-vdW (HO--HF),φ HOH'F,-20,True,43,"[0.9738, 1.8037, 0.933, 111.48, 179.16, 0.0]","[0.9728187798192719, 1.7700694525108212, 0.9354198411196821, 80171.35026550667, 186.3841051061925, 0.0003653491596767088]"
P-vdW (HO--HF),φ HOH'F,-15,True,43,"[0.9738, 1.8037, 0.933, 111.48, 179.16, 0.0]","[0.9728187798192719, 1.7700694525108212, 0.9354198411196821, 80171.35026550667, 186.3841051061925, 0.0003653491596767088]"
P-vdW (HO--HF),φ HOH'F,-10,True,43,"[0.9738, 1.8037, 0.933, 111.48, 179.16, 0.0]","[0.9728187798192719, 1.7700694525108212, 0.9354198411196821, 80171.35026550667, 186.3841051061925, 0.0003653491596767088]"
P-vdW (HO--HF),φ HOH'F,-5,True,43,"[0.9738, 1.8037, 0.933, 111.48, 179.16, 0.0]","[0.9728187798192719, 1.7700694525108212, 0.9354198411196821, 80171.35026550667, 186.3841051061925, 0.0003653491596767088]"
P-vdW (HO--HF),φ HOH'F,0,True,43,"[0.9738, 1.8037, 0.933, 111.48, 179.16, 0]","[0.9728187798192719, 1.7700694525108212, 0.9354198411196821, 80171.35026550667, 186.3841051061925, 0.0003653491596767088]"
P-vdW (HO--HF),φ HOH'F,5,True,43,"[0.9738, 1.8037, 0.933, 111.48, 179.16, 0.0]","[0.9728187798192719, 1.7700694525108212, 0.9354198411196821, 80171.35026550667, 186.3841051061925, 0.0003653491596767088]"
P-vdW (HO--HF),φ HOH'F,10,True,43,"[0.9738, 1.8037, 0.933, 111.48, 179.16, 0.0]","[0.9728187798192719, 1.7700694525108212, 0.9354198411196821, 80171.35026550667, 186.3841051061925, 0.0003653491596767088]"
P-vdW (HO--HF),φ HOH'F,15,True,43,"[0.9738, 1.8037, 0.933, 111.48, 179.16, 0.0]","[0.9728187798192719, 1.7700694525108212, 0.9354198411196821, 80171.35026550667, 186.3841051061925, 0.0003653491596767088]"
P-vdW (HO--HF),φ HOH'F,20,True,43,"[0.9738, 1.8037, 0.933, 111.48, 179.16, 0.0]","[0.9728187798192719, 1.7700694525108212, 0.9354198411196821, 80171.35026550667, 186.3841051061925, 0.0003653491596767088]"
P-vdW (HO--HF),φ HOH'F,25,True,43,"[0.9738, 1.8037, 0.933, 111.48, 179.16, 0.0]","[0.9728187798192719, 1.7700694525108212, 0.9354198411196821, 80171.35026550667, 186.3841051061925, 0.0003653491596767088]"
HO+HF,R HO,-25,True,3,"[0.72975, 10, 0.9202, 0, 0, 0]","[0.9782984160840488, 12.3364439033457, 2.045322368616307, 0.014090287277706226, 0.07244337680331137, 0.0]"
HO+HF,R HO,-20,True,2,"[0.7784, 10, 0.9202, 0, 0, 0]","[0.9278154645111805, 11.050228290204048, 0.9219776850681058, 0.15000000000912309, 0.1500000000083972, 0.0]"
HO+HF,R HO,-15,True,4,"[0.82705, 10, 0.9202, 0, 0, 0]","[0.978410704889419, 12.12455539371237, 0.9736011356452222, 0.04940747493162495, 0.04194348041645485, 0.0]"
HO+HF,R HO,-10,True,4,"[0.8756999999999999, 10, 0.9202, 0, 0, 0]","[0.9726688082854552, 14.236482960352625, 0.9308547306440005, 1377532447.476173, 0.22392392392393212, 0.0]"
HO+HF,R HO,-5,True,6,"[0.92435, 10, 0.9202, 0, 0, 0]","[0.974266573081049, 13.18836254803937, 0.9224272989696839, 0.1299999999999875, 0.20487179487178403, 0.0]"
HO+HF,R HO,0,True,6,"[0.973, 10, 0.9202, 0, 0, 0]","[0.9728396467819792, 13.191006252567973, 1.1742590500531016, 0.12123411978222261, 0.12175732217573963, 0.0]"
HO+HF,R HO,5,True,32,"[1.02165, 10, 0.9202, 0, 0, 0]","[0.9728139831065606, 20.19124477370307, 0.9223084093289305, 277396010.1349182, 303153486.02294403, 0.5953570583536842]"
HO+HF,R HO,10,True,2,"[1.0703, 10, 0.9202, 0, 0, 0]","[0.8582692842000137, 11.079770007018157, 3.0915839593392382, 312794606.6232687, 320286362.71637386, 0.0]"
HO+HF,R HO,15,True,2,"[1.11895, 10, 0.9202, 0, 0, 0]","[0.8632347895226726, 12.140496943942662, 1.0229210502616288, 0.26666666666667765, 0.5000000000000092, 0.0]"
HO+HF,R HO,20,True,1,"[1.1676, 10, 0.9202, 0, 0, 0]","[0.2840076043789552, 11.082158470081623, 0.9226728467389165, 0.10000000000001195, 0.10000000000001039, 0]"
HO+HF,R HO,25,True,6,"[1.21625, 10, 0.9202, 0, 0, 0]","[-0.9706392773107505, 14.240980474403909, 0.9258742208522627, -4944043418.162507, -0.6115494103293818, 0.0]"
HO+HF,R H'F,-25,True,2,"[0.973, 10, 0.69015, 0, 0, 0]","[0.9728803479282438, 12.258510134543, 0.9287726022820662, 0.050000000002915816, 0.05000000000255129, 0]"
HO+HF,R H'F,-20,True,8,"[0.973, 10, 0.73616, 0, 0, 0]","[0.9726335149716689, 15.244120051745751, 1.85589064598505, -9418473151.8327, 319527901.47626185, 0.09999999999999983]"
HO+HF,R H'F,-15,True,21,"[0.973, 10, 0.78217, 0, 0, 0]","[0.9728139842468694, 22.15027829277324, 0.922308416651568, 205162198.91554445, -1.8786602065621234, 0.8641248865399968]"
HO+HF,R H'F,-10,True,2,"[0.973, 10, 0.82818, 0, 0, 0]","[0.972521307377865, 11.06734594343277, 0.9240278638367, 0.20000000000000243, 0.20000000000000182, 0.0]"
HO+HF,R H'F,-5,True,2,"[0.973, 10, 0.87419, 0, 0, 0]","[0.972676480008334, 11.072949215921762, 0.9310459516519526, 0.0500000000035715, 0.05000000000325633, 0]"
HO+HF,R H'F,0,True,6,"[0.973, 10, 0.9202, 0, 0, 0]","[0.9728396467819792, 13.191006252567973, 1.1742590500531016, 0.12123411978222261, 0.12175732217573963, 0.0]"
HO+HF,R H'F,5,True,1,"[0.973, 10, 0.96621, 0, 0, 0]","[0.9728116580503497, 11.07986141724917, 0.8917033027596941, 0.10000000000000904, 0.10000000000000818, 0]"
HO+HF,R H'F,10,True,2,"[0.973, 10, 1.0122200000000001, 0, 0, 0]","[0.9727942626607936, 11.081624284815131, 0.8194130191944046, 0.20000000000000984, 0.20000000000000945, 0.0]"
HO+HF,R H'F,15,True,1,"[0.973, 10, 1.05823, 0, 0, 0]","[0.9727373101506294, 11.08296295198341, 0.6683998432815235, 0.09999999999999999, 0.09999999999999999, 0]"
HO+HF,R H'F,20,True,1,"[0.973, 10, 1.10424, 0, 0, 0]","[0.972664181968022, 11.084433683224232, 0.33614562922664315, 0.0, 0.0, 0]"
HO+HF,R H'F,25,True,1,"[0.973, 10, 1.15025, 0, 0, 0]","[0.9726033181362366, 11.08640515305521, -0.5927444311687002, 0.00034044715447154473, 0.00015831134564643802, 0]"
