specie,variable,variation,converge,iterations,gradient,init_value,final_value,init_point,final_point
F + H2O,R HO,25,True,12,0,64.41527705493812,-0.0020699899292421983,"[0.720675, 0.9609, 20, 104.1477, 300, 300]","[0.96095, 0.96095, 20.0, 104.147, 300.0, 300.0]"
F + H2O,R HO,20,True,12,0,36.06148619640574,-0.0020700055555314067,"[0.76872, 0.9609, 20, 104.1477, 300, 300]","[0.96095, 0.96095, 20.0, 104.147, 440.0, 310.0]"
F + H2O,R HO,15,True,11,0,17.847907706411632,-0.002069986238519905,"[0.816765, 0.9609, 20, 104.1477, 300, 300]","[0.96095, 0.96095, 20.0, 104.147, 290.0, 300.0]"
F + H2O,R HO,10,False,10,0,7.020361753942429,115.302739153,"[0.86481, 0.9609, 20, 104.1477, 300, 300]","[0.9609553372128383, 0.9609562791916143, 24.354491564314245, 104.14730009150517, 302.69503400001696, nan]"
F + H2O,R HO,5,True,12,0,1.5614805760079022,-0.0020714287741422782,"[0.912855, 0.9609, 20, 104.1477, 300, 300]","[0.96095, 0.96095, 10.0, 104.147, 300.0, 290.0]"
HO+HF,R H'F,10,True,10,0,-11.365543741235488,-16.151340740957792,"[0.9728, 20, 1.01453, 300, 300, 300]","[0.0, 20.0, 0.92231, 290.0, 300.0, 290.0]"
F + H2O,R HO,5,True,13,0,1.2465143046020695,-0.0020699845265521287,"[1.008945, 0.9609, 20, 104.1477, 300, 300]","[0.96095, 0.96095, 20.0, 104.147, 290.0, 300.0]"
F + H2O,R HO,10,True,12,0,4.504000390439057,-0.0020699959079578598,"[1.0569899999999999, 0.9609, 20, 104.1477, 300, 300]","[0.96095, 0.96095, 20.0, 104.147, 300.0, 300.0]"
F + H2O,R HO,15,True,12,0,9.170539723078813,-0.002069998566471868,"[1.105035, 0.9609, 20, 104.1477, 300, 300]","[0.96095, 0.96095, 20.0, 104.147, 300.0, 300.0]"
F + H2O,R HO,20,False,1,0,14.795972984546685,115.302739153,"[1.15308, 0.9609, 20, 104.1477, 300, 300]","[0.3567935234254993, 0.9642576221240695, 17.04374999999996, 100.00013130920674, 300.05288461538464, 299.88703703703703]"
F + H2O,R HO,25,False,1,0,21.041385417407866,115.302739153,"[1.201125, 0.9609, 20, 104.1477, 300, 300]","[-0.6476960200924722, 0.9649679991335318, 20.52037037037038, 98.97812465032212, -inf, 300.0037735849057]"
F + H2O,R OH',25,False,11,0,64.4152770568245,115.302739153,"[0.9609, 0.720675, 20, 104.1477, 300, 300]","[0.9609571659549416, 0.9609546716953423, 24.502424033421683, 104.14731017883382, 302.9632678637087, nan]"
F + H2O,R OH',20,False,10,0,36.06148619909335,115.302739153,"[0.9609, 0.76872, 20, 104.1477, 300, 300]","[0.9609591758857606, 0.9609669807520466, -24.59471909614551, 104.14799204216284, nan, nan]"
F + H2O,R OH',15,True,11,0,17.847907708929668,-0.0020700023684978226,"[0.9609, 0.816765, 20, 104.1477, 300, 300]","[0.96095, 0.96095, 20.0, 104.147, 300.0, 300.0]"
F + H2O,R OH',10,False,11,0,7.020361755814104,115.302739153,"[0.9609, 0.86481, 20, 104.1477, 300, 300]","[0.9609586025416573, 0.9609589909501173, 22.93207571844785, 104.14758425123577, 299.3634058101976, -inf]"
F + H2O,R OH',5,True,12,0,1.5614805769948135,-0.002069990260685116,"[0.9609, 0.912855, 20, 104.1477, 300, 300]","[0.96095, 0.96095, 20.0, 104.147, 300.0, 290.0]"
F + H2O,R OH',0,True,5,0,-0.002066062175705275,-0.002069985091474834,"[0.9609, 0.9609, 20, 104.1477, 300, 300]","[0.96095, 0.96095, 20.0, 104.147, 300.0, 300.0]"
F + H2O,R OH',5,False,7,0,1.2465143035966737,115.302739153,"[0.9609, 1.008945, 20, 104.1477, 300, 300]","[0.9609242627155082, 0.9608137062839482, nan, 104.1390668446108, nan, nan]"
F + H2O,R OH',10,True,12,0,4.504000388460759,-0.0020699882755044093,"[0.9609, 1.0569899999999999, 20, 104.1477, 300, 300]","[0.96095, 0.96095, 20.0, 104.147, 290.0, 300.0]"
F + H2O,R OH',15,True,12,0,9.170539720180926,-0.0020707407257427174,"[0.9609, 1.105035, 20, 104.1477, 300, 300]","[0.96095, 0.96095, 10.0, 104.147, 340.0, 290.0]"
F + H2O,R OH',20,False,1,0,14.795972980775112,115.302739153,"[0.9609, 1.15308, 20, 104.1477, 300, 300]","[0.9642576221050195, 0.3567935253499349, 19.335365853658526, 100.00013890347557, 300.05, 300.05753424657536]"
F + H2O,R OH',25,False,1,0,21.04138541277218,115.302739153,"[0.9609, 1.201125, 20, 104.1477, 300, 300]","[0.9649679991107508, -0.6476960172100812, 19.314285714285706, 98.97811702041538, 300.06666666666666, 299.9757575757576]"
F + H2O,θ HOH',25,True,14,0,11.953030215183016,-0.002069993384969044,"[0.9609, 0.9609, 20, 78.110775, 300, 300]","[0.96095, 0.96095, 20.0, 104.147, 300.0, 300.0]"
F + H2O,θ HOH',20,True,13,0,7.477377729135784,-0.00207113564721691,"[0.9609, 0.9609, 20, 83.31816, 300, 300]","[0.96095, 0.96095, 10.0, 104.147, 270.0, 300.0]"
F + H2O,θ HOH',15,False,3,0,4.106293465623446,115.302739153,"[0.9609, 0.9609, 20, 88.525545, 300, 300]","[0.9632107771674353, 0.9632107771383275, nan, 104.36272507764926, nan, nan]"
F + H2O,θ HOH',10,True,12,0,1.7778261701498288,-0.0020699844327707164,"[0.9609, 0.9609, 20, 93.73293, 300, 300]","[0.96095, 0.96095, 20.0, 104.147, 300.0, 300.0]"
F + H2O,θ HOH',5,True,11,0,0.4308711787515139,-0.0020700718150306707,"[0.9609, 0.9609, 20, 98.940315, 300, 300]","[0.96095, 0.96095, 10.0, 104.147, 290.0, 300.0]"
F + H2O,θ HOH',0,True,5,0,-0.002066062175705275,-0.002069985091474834,"[0.9609, 0.9609, 20, 104.1477, 300, 300]","[0.96095, 0.96095, 20.0, 104.147, 300.0, 300.0]"
F + H2O,θ HOH',5,True,11,0,0.4039691203498727,-0.0020700284036311288,"[0.9609, 0.9609, 20, 109.355085, 300, 300]","[0.96095, 0.96095, 10.0, 104.147, 270.0, 300.0]"
F + H2O,θ HOH',10,False,10,0,1.5675717677429757,115.302739153,"[0.9609, 0.9609, 20, 114.56247, 300, 300]","[0.9609636182080303, 0.9609636182083892, 25.75568291161554, 104.14804346185376, 301.5204833848858, nan]"
F + H2O,θ HOH',15,False,4,0,3.4017117736261326,115.302739153,"[0.9609, 0.9609, 20, 119.769855, 300, 300]","[0.9621531993162098, 0.9621531993241379, 24.846221204842536, 104.26398869350065, 300.3385897544181, nan]"
F + H2O,θ HOH',20,False,10,0,5.812426883380331,115.302739153,"[0.9609, 0.9609, 20, 124.97724, 300, 300]","[0.9609744702798567, 0.9609744702811641, 23.785097703147414, 104.14907768992511, 302.64086739431247, nan]"
F + H2O,θ HOH',25,True,15,0,8.695474791272648,-0.0020699857877666174,"[0.9609, 0.9609, 20, 130.184625, 300, 300]","[0.96095, 0.96095, 20.0, 104.147, 300.0, 300.0]"
R-vdW (F--H2O),R HO,25,False,50,0,60.09230291884508,-2.9569767492886694,"[0.7230749999999999, 0.9641, 2.2981, 104.3416, 67.1171, -87.5402]","[0.962686747182523, 0.9621069688837862, 2.180270576613421, 104.17139234938399, 65.7367135816244, -87.4293216326485]"
R-vdW (F--H2O),R HO,20,False,50,0,32.183622677383035,-2.9569817773069325,"[0.77128, 0.9641, 2.2981, 104.3416, 67.1171, -87.5402]","[0.962686738974787, 0.962106957175402, 2.1802716178527035, 104.17139110106883, 65.73669821568387, -87.42929701617435]"
R-vdW (F--H2O),R HO,15,False,50,0,14.232938748604704,-2.9569916678360664,"[0.8194849999999999, 0.9641, 2.2981, 104.3416, 67.1171, -87.5402]","[0.9626867456006241, 0.9621069543905995, 2.180270159621732, 104.17138818027996, 65.7368510412922, -87.4293069551804]"
R-vdW (F--H2O),R HO,10,False,50,0,3.556403719805057,-2.9569935466084636,"[0.86769, 0.9641, 2.2981, 104.3416, 67.1171, -87.5402]","[0.962686749159474, 0.9621069660810959, 2.1802709878144033, 104.17138359035273, 65.73682340381073, -87.4293584392252]"
R-vdW (F--H2O),R HO,5,False,50,0,-1.8279675614754036,-2.956997325795344,"[0.9158949999999999, 0.9641, 2.2981, 104.3416, 67.1171, -87.5402]","[0.962686754852604, 0.9621069700496512, 2.180271410639735, 104.17139048335235, 65.7368294116943, -87.42934846785268]"
R-vdW (F--H2O),R HO,0,False,50,0,-3.371208074365912,-2.9569775666121676,"[0.9641, 0.9641, 2.2981, 104.3416, 67.1171, -87.5402]","[0.9626865866423799, 0.9621072085450251, 2.1802970405875577, 104.17142452821761, 65.73535378753631, -87.43030356070943]"
R-vdW (F--H2O),R HO,5,False,50,0,-2.1394036725579255,-3.3017355369409485,"[1.012305, 0.9641, 2.2981, 104.3416, 67.1171, -87.5402]","[0.9662830236286983, 0.9668777639296843, 2.306246601973337, 104.5507606650199, 70.05054849113773, -86.56934848540182]"
R-vdW (F--H2O),R HO,10,False,50,0,1.0780390582802821,-3.301736370775401,"[1.0605099999999998, 0.9641, 2.2981, 104.3416, 67.1171, -87.5402]","[0.9662830288866956, 0.966877770962006, 2.306247334376912, 104.55076176667231, 70.05049419175154, -86.56938459368607]"
R-vdW (F--H2O),R HO,15,False,50,0,5.691686962393923,-2.9569993740783143,"[1.108715, 0.9641, 2.2981, 104.3416, 67.1171, -87.5402]","[0.9626867499398629, 0.9621069720928249, 2.180271123261833, 104.17139342076884, 65.73686076474863, -87.42938374495456]"
R-vdW (F--H2O),R HO,20,False,1,0,11.258202802124973,115.302739153,"[1.15692, 0.9641, 2.2981, 104.3416, 67.1171, -87.5402]","[0.36411073390665094, 0.9668838897926038, 2.2235971465499356, 100.2724780906772, 65.29837121945165, -84.94821873742977]"
R-vdW (F--H2O),R HO,25,False,1,0,17.442208633788177,115.302739153,"[1.205125, 0.9641, 2.2981, 104.3416, 67.1171, -87.5402]","[-0.6483990207277668, 0.967461160468403, 2.212535691378596, 99.28602511382581, 64.95875261958378, -85.0534378630872]"
R-vdW (F--H2O),R OH',25,False,50,0,60.07640093197299,-3.3017364842599464,"[0.9641, 0.7230749999999999, 2.2981, 104.3416, 67.1171, -87.5402]","[0.9662830226701478, 0.9668777581052274, 2.3062477874853635, 104.55076107827752, 70.05047348427884, -86.5693575470455]"
R-vdW (F--H2O),R OH',20,False,50,0,32.173376404339976,-3.3017369608658482,"[0.9641, 0.77128, 2.2981, 104.3416, 67.1171, -87.5402]","[0.9662830433966891, 0.9668777742861248, 2.3062491514267927, 104.55076377809912, 70.05040157802388, -86.5693976339087]"
R-vdW (F--H2O),R OH',15,False,50,0,14.229108183240024,-2.956988529627606,"[0.9641, 0.8194849999999999, 2.2981, 104.3416, 67.1171, -87.5402]","[0.9626867530515447, 0.9621069729430088, 2.180271821024031, 104.1713927881843, 65.73673975402632, -87.4293439457865]"
R-vdW (F--H2O),R OH',10,False,50,0,3.555981699813004,-2.956990846535802,"[0.9641, 0.86769, 2.2981, 104.3416, 67.1171, -87.5402]","[0.9626867517166928, 0.9621069614789641, 2.1802706921001387, 104.17139146759412, 65.73681581370822, -87.42928669783804]"
R-vdW (F--H2O),R OH',5,False,50,0,-1.8277066478773971,-2.956997044047182,"[0.9641, 0.9158949999999999, 2.2981, 104.3416, 67.1171, -87.5402]","[0.9626867528542583, 0.9621069648194507, 2.1802707514566286, 104.1713940682742, 65.7368593165733, -87.42924664653194]"
R-vdW (F--H2O),R OH',0,False,50,0,-3.371208074365912,-2.9569775666121676,"[0.9641, 0.9641, 2.2981, 104.3416, 67.1171, -87.5402]","[0.9626865866423799, 0.9621072085450251, 2.1802970405875577, 104.17142452821761, 65.73535378753631, -87.43030356070943]"
R-vdW (F--H2O),R OH',5,False,50,0,-2.138385488689386,-3.3017363276129217,"[0.9641, 1.012305, 2.2981, 104.3416, 67.1171, -87.5402]","[0.9662830275791904, 0.966877770372021, 2.3062468201607587, 104.5507605126345, 70.05051473857198, -86.5693436991854]"
R-vdW (F--H2O),R OH',10,False,50,0,1.0836168323592659,-2.9569861396060246,"[0.9641, 1.0605099999999998, 2.2981, 104.3416, 67.1171, -87.5402]","[0.9626867307181519, 0.9621069894730874, 2.1802734919114046, 104.17139346501536, 65.73663598440109, -87.4294319425181]"
R-vdW (F--H2O),R OH',15,False,50,0,5.7074978884681284,-2.9570027156289935,"[0.9641, 1.108715, 2.2981, 104.3416, 67.1171, -87.5402]","[0.962686744457057, 0.9621069611217914, 2.1802725851975713, 104.17139275950039, 65.73680912746576, -87.42930526809924]"
R-vdW (F--H2O),R OH',20,False,1,0,11.291802440504037,115.302739153,"[0.9641, 1.15692, 2.2981, 104.3416, 67.1171, -87.5402]","[0.9669114276539063, 0.38263872069315996, 2.186061454259886, 100.17845214099918, 63.62741062032459, -84.88473978029639]"
R-vdW (F--H2O),R OH',25,False,1,0,17.5026518015892,115.302739153,"[0.9641, 1.205125, 2.2981, 104.3416, 67.1171, -87.5402]","[0.9675315789697492, -0.5488264713647952, 2.154157156699259, 99.14851259243139, 62.701141091652985, -84.55190045178827]"
R-vdW (F--H2O),R H'F,25,False,50,0,19.757356791654363,-3.3017355484538804,"[0.9641, 0.9641, 1.7235749999999999, 104.3416, 67.1171, -87.5402]","[0.966283030353918, 0.9668777730256988, 2.3062468990342375, 104.55076119636138, 70.05053382866474, -86.56933928566694]"
R-vdW (F--H2O),R H'F,20,False,50,0,7.326012597304648,-3.3017364000021234,"[0.9641, 0.9641, 1.83848, 104.3416, 67.1171, -87.5402]","[0.9662830252075457, 0.9668777693609588, 2.306246841654833, 104.55076332481305, 70.05051252539253, -86.56937205693225]"
R-vdW (F--H2O),R H'F,15,False,50,0,0.8742565920014066,-3.301737086285077,"[0.9641, 0.9641, 1.9533849999999997, 104.3416, 67.1171, -87.5402]","[0.9662830471525874, 0.9668777850702281, 2.3062486584491197, 104.55076364098932, 70.05041669038904, -86.56940879334753]"
R-vdW (F--H2O),R H'F,10,False,50,0,-2.0401057341920836,-2.9569782919797554,"[0.9641, 0.9641, 2.0682899999999997, 104.3416, 67.1171, -87.5402]","[0.9626867569355818, 0.9621069677497647, 2.1802698498793784, 104.17139275151199, 65.73676391457255, -87.42935607749202]"
R-vdW (F--H2O),R H'F,5,False,50,0,-3.1318399998018234,-2.9570021205764014,"[0.9641, 0.9641, 2.183195, 104.3416, 67.1171, -87.5402]","[0.9626867471120489, 0.9621069687045875, 2.1802721604266027, 104.17139363046674, 65.73682691858967, -87.42933332921345]"
R-vdW (F--H2O),R H'F,0,False,50,0,-3.371208074365912,-2.9569775666121676,"[0.9641, 0.9641, 2.2981, 104.3416, 67.1171, -87.5402]","[0.9626865866423799, 0.9621072085450251, 2.1802970405875577, 104.17142452821761, 65.73535378753631, -87.43030356070943]"
R-vdW (F--H2O),R H'F,5,False,50,0,-3.238405008435753,-3.301737209829711,"[0.9641, 0.9641, 2.4130049999999996, 104.3416, 67.1171, -87.5402]","[0.9662830562496504, 0.966877790044296, 2.3062492600233355, 104.55076841435464, 70.05038794499589, -86.56945282283529]"
R-vdW (F--H2O),R H'F,10,False,1,0,-2.9620709367399654,115.302739153,"[0.9641, 0.9641, 2.52791, 104.3416, 67.1171, -87.5402]","[0.9622256982166344, 0.9622308176862501, 0.04370243547885799, 104.2421787297291, 50.87874930731691, -91.91011139170398]"
R-vdW (F--H2O),R H'F,15,True,9,0,-2.6462279991476625,-0.002094549261731266,"[0.9641, 0.9641, 2.6428149999999997, 104.3416, 67.1171, -87.5402]","[0.9609587851250893, 0.9609589275901698, 14.4165349960631, 104.14758395981454, -4.715236364587784, 361.5328770901932]"
R-vdW (F--H2O),R H'F,20,True,9,0,-2.332232176904957,-0.0022188687056510334,"[0.9641, 0.9641, 2.75772, 104.3416, 67.1171, -87.5402]","[0.960957257837747, 0.9609570919575938, 12.615015733607573, 104.14739510164202, -4.117154453280845, -374.29195990599544]"
R-vdW (F--H2O),R H'F,25,True,7,0,-2.034762949414057,-0.002279994766697182,"[0.9641, 0.9641, 2.8726249999999998, 104.3416, 67.1171, -87.5402]","[0.9609559974908375, 0.9609573680870676, 10.217259449773119, 104.14715570256111, -180.18344317181797, 85.88086764115876]"
R-vdW (F--H2O),θ HOH',25,False,50,0,8.625059137014086,-3.3017359586479835,"[0.9641, 0.9641, 2.2981, 78.2562, 67.1171, -87.5402]","[0.966283017632157, 0.9668777535413332, 2.3062474013995953, 104.55075893940918, 70.05050756068357, -86.56937839579335]"
R-vdW (F--H2O),θ HOH',20,False,50,0,4.079659312921921,-2.956989790560853,"[0.9641, 0.9641, 2.2981, 83.47328, 67.1171, -87.5402]","[0.9626867572574168, 0.9621069723555377, 2.1802707535245998, 104.17139277132382, 65.73680405187777, -87.42929551444506]"
R-vdW (F--H2O),θ HOH',15,False,50,0,0.6997511567352503,-2.9569862452695768,"[0.9641, 0.9641, 2.2981, 88.69036, 67.1171, -87.5402]","[0.9626867525251811, 0.9621069674043587, 2.1802702773141576, 104.1713893008668, 65.73680135341156, -87.42926015508088]"
R-vdW (F--H2O),θ HOH',10,False,50,0,-1.6120838918377456,-2.956998571877326,"[0.9641, 0.9641, 2.2981, 93.90744, 67.1171, -87.5402]","[0.9626867634498978, 0.9621069783117819, 2.180270816010873, 104.17139200926468, 65.73686807918692, -87.42928531962875]"
R-vdW (F--H2O),θ HOH',5,False,50,0,-2.943328985682459,-2.9569809081956824,"[0.9641, 0.9641, 2.2981, 99.12452, 67.1171, -87.5402]","[0.9626867466209315, 0.9621069745391473, 2.1802714999010977, 104.17139386044748, 65.73669855361064, -87.42938386706872]"
R-vdW (F--H2O),θ HOH',0,False,50,0,-3.371208074365912,-2.9569775666121676,"[0.9641, 0.9641, 2.2981, 104.3416, 67.1171, -87.5402]","[0.9626865866423799, 0.9621072085450251, 2.1802970405875577, 104.17142452821761, 65.73535378753631, -87.43030356070943]"
R-vdW (F--H2O),θ HOH',5,False,50,0,-2.968803373097341,-3.301735478146211,"[0.9641, 0.9641, 2.2981, 109.55868, 67.1171, -87.5402]","[0.9662830568666666, 0.9668778051638276, 2.30624765199562, 104.5507669517489, 70.05050179537265, -86.56942573174166]"
R-vdW (F--H2O),θ HOH',10,False,50,0,-1.8126988379365694,-3.3017363197632785,"[0.9641, 0.9641, 2.2981, 114.77576, 67.1171, -87.5402]","[0.9662830406095335, 0.9668777865415055, 2.3062468840515162, 104.55076379479351, 70.0505106274296, -86.56939186524642]"
R-vdW (F--H2O),θ HOH',15,False,50,0,0.011341678648962105,-3.301735706981012,"[0.9641, 0.9641, 2.2981, 119.99284, 67.1171, -87.5402]","[0.9662830177936893, 0.9668777597671229, 2.30624697752115, 104.55076085281229, 70.05052948928059, -86.5693536035122]"
R-vdW (F--H2O),θ HOH',20,False,50,0,2.405695598664473,-3.301735639669046,"[0.9641, 0.9641, 2.2981, 125.20992, 67.1171, -87.5402]","[0.9662830140518006, 0.9668777479549016, 2.3062476511944423, 104.55075952986378, 70.05050716407962, -86.56936563606244]"
R-vdW (F--H2O),θ HOH',25,False,50,0,5.260342397493435,-2.9570001137566866,"[0.9641, 0.9641, 2.2981, 130.427, 67.1171, -87.5402]","[0.9626867640774932, 0.9621069763245584, 2.18026974422727, 104.17139140045614, 65.73693691748544, -87.42932769179697]"
R-vdW (F--H2O),θ OH'F,25,False,50,0,0.4992277149128777,-3.30173633239953,"[0.9641, 0.9641, 2.2981, 104.3416, 50.337824999999995, -87.5402]","[0.9662830148908461, 0.9668777429383775, 2.306247855472536, 104.55076147562738, 70.05047848396094, -86.56937368044149]"
R-vdW (F--H2O),θ OH'F,20,False,50,0,-1.2534039761472395,-2.95699972246347,"[0.9641, 0.9641, 2.2981, 104.3416, 53.69367999999999, -87.5402]","[0.9626867414115527, 0.9621069725969831, 2.1802725112226726, 104.17139711501761, 65.73678753880927, -87.42922856053715]"
R-vdW (F--H2O),θ OH'F,15,False,50,0,-2.3538118700344675,-2.956996681629873,"[0.9641, 0.9641, 2.2981, 104.3416, 57.04953499999999, -87.5402]","[0.962686751711719, 0.9621069637319241, 2.1802706494064212, 104.17139206224344, 65.73686198776507, -87.4292420671382]"
R-vdW (F--H2O),θ OH'F,10,False,50,0,-2.9848238584399702,-2.956977432810597,"[0.9641, 0.9641, 2.2981, 104.3416, 60.40539, -87.5402]","[0.9626867588166491, 0.9621069673786629, 2.1802701253815124, 104.17139033612406, 65.73673970467883, -87.42919933176222]"
R-vdW (F--H2O),θ OH'F,5,False,50,0,-3.2885066256909665,-2.9570062408391866,"[0.9641, 0.9641, 2.2981, 104.3416, 63.761244999999995, -87.5402]","[0.9626867575842314, 0.9621069747198088, 2.1802710047860914, 104.1713905523759, 65.73691984349075, -87.42937932803311]"
R-vdW (F--H2O),θ OH'F,0,False,50,0,-3.371208074365912,-2.9569775666121676,"[0.9641, 0.9641, 2.2981, 104.3416, 67.1171, -87.5402]","[0.9626865866423799, 0.9621072085450251, 2.1802970405875577, 104.17142452821761, 65.73535378753631, -87.43030356070943]"
R-vdW (F--H2O),θ OH'F,5,False,50,0,-3.3104590583019062,-3.301736024417979,"[0.9641, 0.9641, 2.2981, 104.3416, 70.472955, -87.5402]","[0.9662830246049491, 0.9668777716485482, 2.3062460929027027, 104.55076231183098, 70.05055221854198, -86.56933592610163]"
R-vdW (F--H2O),θ OH'F,10,False,50,0,-3.1616091064943204,-2.9569981326125387,"[0.9641, 0.9641, 2.2981, 104.3416, 73.82880999999999, -87.5402]","[0.9626867528131559, 0.9621069713068284, 2.1802709377531837, 104.17139049570812, 65.73685967083142, -87.42931853359404]"
R-vdW (F--H2O),θ OH'F,15,False,1,0,-2.9633955047688008,115.302739153,"[0.9641, 0.9641, 2.2981, 104.3416, 77.184665, -87.5402]","[0.9626918479589254, 0.9616093446362376, 1.5953892204668911, 104.19713929882838, 44.33256143188272, -87.43991031635527]"
R-vdW (F--H2O),θ OH'F,20,False,1,0,-2.7423611751713453,115.302739153,"[0.9641, 0.9641, 2.2981, 104.3416, 80.54051999999999, -87.5402]","[0.9622873909932586, 0.9609313174459604, 0.6390981849939188, 104.17288475100793, -93.69269151146605, -87.71129158802971]"
R-vdW (F--H2O),θ OH'F,25,True,23,0,-2.516253338722559,-1.7697253653172353,"[0.9641, 0.9641, 2.2981, 104.3416, 83.89637499999999, -87.5402]","[0.9609384474971572, 0.9609323063467005, -3.1379197619422943, 104.7742814602307, 141.5014021940287, 1079.9999867387846]"
R-vdW (F--H2O),φ HOH'F,25,False,50,0,-2.7025448409929083,-2.9569855402808507,"[0.9641, 0.9641, 2.2981, 104.3416, 67.1171, -65.65514999999999]","[0.9626867528172578, 0.9621069624455162, 2.180270047572456, 104.17138947877075, 65.73681006780333, -87.42935421590947]"
R-vdW (F--H2O),φ HOH'F,20,False,50,0,-2.961892872753382,-2.957004595844722,"[0.9641, 0.9641, 2.2981, 104.3416, 67.1171, -70.03216]","[0.9626867590386089, 0.962106973711378, 2.180270570063211, 104.17139067480763, 65.73692939257216, -87.42935987828415]"
R-vdW (F--H2O),φ HOH'F,15,False,50,0,-3.1505129453606924,-2.9570056955324087,"[0.9641, 0.9641, 2.2981, 104.3416, 67.1171, -74.40917]","[0.9626867645722068, 0.9621069808961916, 2.180271839798095, 104.17139444560279, 65.7368686024236, -87.42925213733116]"
R-vdW (F--H2O),φ HOH'F,10,False,50,0,-3.2770199066567454,-2.957003092494425,"[0.9641, 0.9641, 2.2981, 104.3416, 67.1171, -78.78618]","[0.9626867521674662, 0.9621069701327445, 2.1802710553808358, 104.17139312894011, 65.7368909479621, -87.42928692880882]"
R-vdW (F--H2O),φ HOH'F,5,False,50,0,-3.3485578268360854,-3.301737663480217,"[0.9641, 0.9641, 2.2981, 104.3416, 67.1171, -83.16319]","[0.966283027915915, 0.9668777267013516, 2.306252149390637, 104.55076572375886, 70.05027112999805, -86.56949540245101]"
R-vdW (F--H2O),φ HOH'F,0,False,50,0,-3.371208074365912,-2.9569775666121676,"[0.9641, 0.9641, 2.2981, 104.3416, 67.1171, -87.5402]","[0.9626865866423799, 0.9621072085450251, 2.1802970405875577, 104.17142452821761, 65.73535378753631, -87.43030356070943]"
R-vdW (F--H2O),φ HOH'F,5,False,50,0,-3.3501589348073155,-2.956993211342961,"[0.9641, 0.9641, 2.2981, 104.3416, 67.1171, -91.91721]","[0.9626867577498134, 0.9621069753862445, 2.180270746709356, 104.17139364638341, 65.73683160166534, -87.42934077556166]"
R-vdW (F--H2O),φ HOH'F,10,False,50,0,-3.2893048963152935,-2.9569964856894946,"[0.9641, 0.9641, 2.2981, 104.3416, 67.1171, -96.29422]","[0.9626867459665176, 0.9621069619973257, 2.1802714346590317, 104.17139192176671, 65.73682240673193, -87.42936661402987]"
R-vdW (F--H2O),φ HOH'F,15,False,50,0,-3.1911011006527175,-2.9569884366079062,"[0.9641, 0.9641, 2.2981, 104.3416, 67.1171, -100.67123]","[0.9626867544231308, 0.9621069740021694, 2.1802722498398897, 104.17139055967746, 65.73671653267428, -87.42933165381044]"
R-vdW (F--H2O),φ HOH'F,20,False,50,0,-3.0571549643652656,-2.9569922364905823,"[0.9641, 0.9641, 2.2981, 104.3416, 67.1171, -105.04823999999999]","[0.9626867567801367, 0.9621069678581481, 2.180270550417475, 104.17139053381763, 65.73683371539092, -87.42928772112946]"
R-vdW (F--H2O),φ HOH'F,25,False,50,0,-2.8892367320129924,-2.956989105558749,"[0.9641, 0.9641, 2.2981, 104.3416, 67.1171, -109.42525]","[0.9626867566545965, 0.9621069747664734, 2.180271052618982, 104.17139419823195, 65.73678198587261, -87.42925005602746]"
TS,R HO,25,False,2,0,64.38627482913257,115.302739153,"[0.726975, 1.025, 1.3536, 103.2989, 118.2898, 68.3691]","[0.9697777960288696, 0.9349405690180947, 0.8691022235249298, 104.94616450049676, 1434.8841922617455, 76.11099844553671]"
TS,R HO,20,False,50,0,36.6295748184637,-3.3017289380924084,"[0.77544, 1.025, 1.3536, 103.2989, 118.2898, 68.3691]","[0.9662829365917573, 0.9668777705462402, 2.3062378971018247, 104.55076660525177, 70.05098475588758, 86.56706298793502]"
TS,R HO,15,False,4,0,18.83224182915849,115.302739153,"[0.823905, 1.025, 1.3536, 103.2989, 118.2898, 68.3691]","[0.9639982038664783, 0.9526380802088443, 1.9908632473533598, 103.72516234027451, -368.560804676433, 79.75230818817664]"
TS,R HO,10,True,15,0,8.297796687755802,-0.9916582016225103,"[0.8723700000000001, 1.025, 1.3536, 103.2989, 118.2898, 68.3691]","[0.9608675412092483, 0.9610148617228249, 2.2707709929290107, 104.26542854068899, 139.79283865345627, 115.92819986320266]"
TS,R HO,5,False,6,0,3.0099679943144197,115.302739153,"[0.9208350000000001, 1.025, 1.3536, 103.2989, 118.2898, 68.3691]","[0.9618637964893091, 0.9535431437967589, 1.9772825638257034, 103.83422674929639, 388.4168528987908, 81.96318602456087]"
TS,R HO,0,False,7,0,1.4990864910021267,115.302739153,"[0.9693, 1.025, 1.3536, 103.2989, 118.2898, 68.3691]","[0.9722447712877952, nan, 2.573649063476551, 101.51849568553274, 101.30969314274907, 60.828559020426525]"
TS,R HO,5,False,3,0,2.699814305464121,115.302739153,"[1.017765, 1.025, 1.3536, 103.2989, 118.2898, 68.3691]","[0.9655056289698736, 1.0128683935318068, 0.7317016556145363, 102.9387218129365, 117.20752958771, 67.34456389328992]"
TS,R HO,10,True,16,0,5.837252779623601,-0.9916584223149139,"[1.06623, 1.025, 1.3536, 103.2989, 118.2898, 68.3691]","[0.9608670976932103, 0.961015641211122, 2.2708118197904557, 104.26566688460372, 139.77564325403586, 115.98356351300625]"
TS,R HO,15,True,15,0,10.343955242140105,-0.9916513921493239,"[1.114695, 1.025, 1.3536, 103.2989, 118.2898, 68.3691]","[0.9608641057225407, 0.96101779411778, 2.270962180280089, 104.26658833792081, 220.2886845908225, 63.5838158501135]"
TS,R HO,20,False,1,0,15.801291747227092,115.302739153,"[1.16316, 1.025, 1.3536, 103.2989, 118.2898, 68.3691]","[0.46779149486848925, 1.0341791734395138, 1.31626382895314, 99.38730313668708, 118.95564612222233, 69.36998229592608]"
TS,R HO,25,False,1,0,21.898192520892927,115.302739153,"[1.2116250000000002, 1.025, 1.3536, 103.2989, 118.2898, 68.3691]","[-0.1207709504424197, 1.035867705480226, 1.3166592981796295, 98.42864139082232, 119.15271693324077, 69.96084909631176]"
TS,R OH',25,False,3,0,49.821335289126345,115.302739153,"[0.9693, 0.7687499999999999, 1.3536, 103.2989, 118.2898, 68.3691]","[0.963828105061757, 0.9544867249985363, 2.0765356801064683, 104.1188685660493, 330.69106995215554, 98.81745395243624]"
TS,R OH',20,True,13,0,27.97451415339632,-0.002071804287098752,"[0.9693, 0.82, 1.3536, 103.2989, 118.2898, 68.3691]","[0.960957556323034, 0.9609570381399906, 14.963924142867548, 104.14744026631837, 179.80733810486598, 56.80656777034383]"
TS,R OH',15,False,4,0,14.296609700064453,115.302739153,"[0.9693, 0.8712499999999999, 1.3536, 103.2989, 118.2898, 68.3691]","[0.9696163646048573, -0.3995781999322996, 1.6025296552642745, 101.54251211236432, 305.79041875517845, 120.83292119352443]"
TS,R OH',10,False,2,0,6.406202835410641,115.302739153,"[0.9693, 0.9224999999999999, 1.3536, 103.2989, 118.2898, 68.3691]","[0.9637602645318413, 0.930043485117853, 1.557528537341729, 103.01023144685892, 294.3479023007696, 71.61165257332298]"
TS,R OH',5,False,2,0,2.5620110786846237,115.302739153,"[0.9693, 0.9737499999999999, 1.3536, 103.2989, 118.2898, 68.3691]","[0.9652419991189637, 0.9238773102613771, 1.6279679002103475, 102.7910545146681, -43.35058962518042, 69.56982004391342]"
TS,R OH',0,False,7,0,1.4990864910021267,115.302739153,"[0.9693, 1.025, 1.3536, 103.2989, 118.2898, 68.3691]","[0.9722447712877952, nan, 2.573649063476551, 101.51849568553274, 101.30969314274907, 60.828559020426525]"
TS,R OH',5,True,8,0,2.2888991438504327,-0.9916857186373504,"[0.9693, 1.07625, 1.3536, 103.2989, 118.2898, 68.3691]","[0.9608635122783724, 0.9610329187536133, 2.270404272555998, 104.26225971501555, 140.2374482884565, 116.06235682545424]"
TS,R OH',10,False,50,0,4.223578509631273,-3.3017284564356064,"[0.9693, 1.1275, 1.3536, 103.2989, 118.2898, 68.3691]","[0.9662829395703629, 0.9668777678784881, 2.3062390094275194, 104.55076655017582, 70.05095386676174, 86.56705277599875]"
TS,R OH',15,False,2,0,6.771713593448875,115.302739153,"[0.9693, 1.17875, 1.3536, 103.2989, 118.2898, 68.3691]","[0.9702283229562295, 3.3307603047763825, 1.841134950801714, 91.62124241464296, 281.88752663692907, -98.09124237806117]"
TS,R OH',20,False,2,0,9.634456493613959,115.302739153,"[0.9693, 1.23, 1.3536, 103.2989, 118.2898, 68.3691]","[0.9679294996392526, 2.0953612890152296, 2.020381220495358, 93.62257341612778, 142.81586476188556, 31.041637534213763]"
TS,R OH',25,False,2,0,12.437964066046117,115.302739153,"[0.9693, 1.28125, 1.3536, 103.2989, 118.2898, 68.3691]","[0.9554614763686068, 5.655116214937686, 1.8876762271201815, 80.98942438601111, 780.8268193035651, 8.891402331560364]"
TS,R H'F,25,True,30,0,20.62730143023891,-22.337468914500406,"[0.9693, 1.025, 1.0151999999999999, 103.2989, 118.2898, 68.3691]","[0.0, 1.77, 0.9354, 100.0, 170.0, 0.0]"
TS,R H'F,20,False,3,0,11.453880558810999,115.302739153,"[0.9693, 1.025, 1.0828799999999998, 103.2989, 118.2898, 68.3691]","[0.9579336807029734, 0.33359234968761176, 2.2878976066867716, 100.01746899609334, 141.82258492488214, 116.33800410169707]"
TS,R H'F,15,False,3,0,5.870876266246797,115.302739153,"[0.9693, 1.025, 1.1505599999999998, 103.2989, 118.2898, 68.3691]","[0.9762532508912504, 2.019928291870413, 1.9899051345260275, 93.74741676142582, 153.6531758918078, 42.901537276410835]"
TS,R H'F,10,False,50,0,2.958612798422298,-3.0166346290296158,"[0.9693, 1.025, 1.21824, 103.2989, 118.2898, 68.3691]","[0.9627535971146092, -0.963968954787509, 2.1859145326606275, 75.78447679522394, 114.1235236892456, 87.48673972304343]"
TS,R H'F,5,False,4,0,1.7625705962614866,115.302739153,"[0.9693, 1.025, 1.28592, 103.2989, 118.2898, 68.3691]","[0.9637846386965976, 0.9550353347554014, 1.9622573620710495, 103.9497279661186, 28.02799177676218, 81.97313066814552]"
TS,R H'F,0,False,7,0,1.4990864910021267,115.302739153,"[0.9693, 1.025, 1.3536, 103.2989, 118.2898, 68.3691]","[0.9722447712877952, nan, 2.573649063476551, 101.51849568553274, 101.30969314274907, 60.828559020426525]"
TS,R H'F,5,False,2,0,1.6177081576249748,115.302739153,"[0.9693, 1.025, 1.4212799999999999, 103.2989, 118.2898, 68.3691]","[0.963528845213782, 0.9589103500399169, 2.0314900594493053, 103.76589453142721, -7.409341057334046, 77.89327137906993]"
TS,R H'F,10,False,3,0,1.8030928129142443,115.302739153,"[0.9693, 1.025, 1.4889599999999998, 103.2989, 118.2898, 68.3691]","[0.9630153552076036, 0.9519228038471529, 1.9489684323228218, 103.68484108227663, 23.80155212768085, 80.18820203737974]"
TS,R H'F,15,False,1,0,1.9190643500089983,115.302739153,"[0.9693, 1.025, 1.55664, 103.2989, 118.2898, 68.3691]","[0.9652058684714382, 0.9390434969987606, 1.608501870755224, 103.00318751852319, 51.40765770445353, 71.2575674009835]"
TS,R H'F,20,False,1,0,1.937297475707784,115.302739153,"[0.9693, 1.025, 1.62432, 103.2989, 118.2898, 68.3691]","[0.9639462491910694, 0.9273472567618252, 1.5940243535460743, 103.00343384751787, 369.55938929537615, 74.27973747914834]"
TS,R H'F,25,True,14,0,1.8754658161701727,-1.044006615607703,"[0.9693, 1.025, 1.692, 103.2989, 118.2898, 68.3691]","[0.9607951123810564, 0.961195718334896, 2.259861472536981, 104.32964717273961, 192.32614412354596, 0.00010873069154732073]"
TS,θ HOH',25,False,3,0,11.338528625846466,115.302739153,"[0.9693, 1.025, 1.3536, 77.474175, 118.2898, 68.3691]","[0.9780084289433554, 1.0870631500050567, 0.5954977973098793, 102.0162987181684, 127.18176804892408, 64.70560914993287]"
TS,θ HOH',20,False,4,0,7.656152777753613,115.302739153,"[0.9693, 1.025, 1.3536, 82.63912, 118.2898, 68.3691]","[0.9770847289627523, 1.1548171995847074, -1.1270017496243827, 101.12691428099888, 134.12219691206732, 66.8051537512169]"
TS,θ HOH',15,False,8,0,4.887789713628661,115.302739153,"[0.9693, 1.025, 1.3536, 87.80406500000001, 118.2898, 68.3691]","[0.9729318701754163, inf, 0.922294158861819, 97.32312525853507, 135.27633399871021, 75.96418253136729]"
TS,θ HOH',10,True,32,0,2.9729964753656284,-22.337468916313604,"[0.9693, 1.025, 1.3536, 92.96901, 118.2898, 68.3691]","[0.0, 1.77, 0.9354, 100.0, 180.0, -180.0]"
TS,θ HOH',5,False,5,0,1.8595103826717294,115.302739153,"[0.9693, 1.025, 1.3536, 98.133955, 118.2898, 68.3691]","[0.9699344193142865, 2.042544003083223, 1.904074830530577, 96.17280999512928, 6.930268680761785, 56.26604093361143]"
TS,θ HOH',0,False,7,0,1.4990864910021267,115.302739153,"[0.9693, 1.025, 1.3536, 103.2989, 118.2898, 68.3691]","[0.9722447712877952, nan, 2.573649063476551, 101.51849568553274, 101.30969314274907, 60.828559020426525]"
TS,θ HOH',5,False,50,0,1.8398732497538801,-3.3017283572928346,"[0.9693, 1.025, 1.3536, 108.463845, 118.2898, 68.3691]","[0.9662829472322507, 0.9668777787210447, 2.306238610292196, 104.55076758115727, 70.05097060080058, 86.5670531668267]"
TS,θ HOH',10,True,19,0,2.817973352713181,-0.0020721036095370784,"[0.9693, 1.025, 1.3536, 113.62879000000001, 118.2898, 68.3691]","[0.9609571983215704, 0.9609570588330928, 14.8110623865885, 104.14742268966366, 543.1977899517342, 577.3221899301554]"
TS,θ HOH',15,False,4,0,4.351257149367476,115.302739153,"[0.9693, 1.025, 1.3536, 118.793735, 118.2898, 68.3691]","[0.9735243749067434, 2.1054950653746527, 11.918721737276359, 89.42622387103941, 112.22913240832325, 65.21902675841113]"
TS,θ HOH',20,False,4,0,6.338855046165021,115.302739153,"[0.9693, 1.025, 1.3536, 123.95868, 118.2898, 68.3691]","[0.9584080453467657, 0.61633769439741, 1.379099802814167, 100.45660206149294, 133.53042465251724, 116.58778750476596]"
TS,θ HOH',25,False,25,0,8.669226470205263,115.302739153,"[0.9693, 1.025, 1.3536, 129.123625, 118.2898, 68.3691]","[0.9708890457130712, 1.9010188444826364, 0.9274859320134056, 891539.9971518836, 180.00215666442847, nan]"
TS,θ OH'F,25,False,2,0,20.949017772563668,115.302739153,"[0.9693, 1.025, 1.3536, 103.2989, 88.71735, 68.3691]","[0.9679743084766452, 0.5748404544124734, 1.887709381845415, 100.68683841461336, 95.00877187016182, 70.35896416655788]"
TS,θ OH'F,20,False,50,0,11.284046673064571,-3.3034631304436792,"[0.9693, 1.025, 1.3536, 103.2989, 94.63184, 68.3691]","[0.9662374526241921, 0.9668196071319559, 2.3062420145972613, 104.54431876184373, 289.98900726525017, 453.45011241682397]"
TS,θ OH'F,15,True,15,0,5.857527511455874,-0.9916595578173423,"[0.9693, 1.025, 1.3536, 103.2989, 100.54633, 68.3691]","[0.9608694570607217, 0.961018156532334, 2.2706802716583763, 104.26485048427203, 220.1039036029184, 63.981767804044296]"
TS,θ OH'F,10,False,4,0,3.049533195892821,115.302739153,"[0.9693, 1.025, 1.3536, 103.2989, 106.46082, 68.3691]","[0.9625926818983717, 0.9540749721507428, 1.9753546755703142, 103.87897807219422, 367.51709769560836, 82.36600721375139]"
TS,θ OH'F,5,True,15,0,1.8134294834096512,-0.9916597468107392,"[0.9693, 1.025, 1.3536, 103.2989, 112.37531, 68.3691]","[0.9608692261390003, 0.9610194369224063, 2.270710697987435, 104.26502587251622, -139.89145968335794, 63.92055230776541]"
TS,θ OH'F,0,False,7,0,1.4990864910021267,115.302739153,"[0.9693, 1.025, 1.3536, 103.2989, 118.2898, 68.3691]","[0.9722447712877952, nan, 2.573649063476551, 101.51849568553274, 101.30969314274907, 60.828559020426525]"
TS,θ OH'F,5,False,3,0,1.7113843105494038,115.302739153,"[0.9693, 1.025, 1.3536, 103.2989, 124.20429, 68.3691]","[0.9608291323647452, 0.9697306361343598, -0.24983392007922545, 104.83640822354924, 147.06584030329174, 106.28316153101062]"
TS,θ OH'F,10,False,50,0,2.214169594808065,-2.956933533458548,"[0.9693, 1.025, 1.3536, 103.2989, 130.11878000000002, 68.3691]","[0.9626868998804702, 0.9621070314810798, 2.1802564809941227, 104.17137776903394, 65.73715318668255, 87.43126448863636]"
TS,θ OH'F,15,False,50,0,2.869243679046931,-2.9821667729141037,"[0.9693, 1.025, 1.3536, 103.2989, 136.03327000000002, 68.3691]","[0.9627170454337272, 0.9621477387322337, 2.1821601617887723, 104.17422533481712, -65.83438397669306, 92.56885326556535]"
TS,θ OH'F,20,False,1,0,3.5971206354050187,115.302739153,"[0.9693, 1.025, 1.3536, 103.2989, 141.94776000000002, 68.3691]","[0.9676288747433012, 1.0022061103930948, 1.4799712210145486, 103.61660492285613, -47.0526603957137, 60.389123793460236]"
TS,θ OH'F,25,True,16,0,4.349561723650996,-0.9916580388528131,"[0.9693, 1.025, 1.3536, 103.2989, 147.86225, 68.3691]","[0.9608667658355885, 0.9610164760157104, 2.2708144751916164, 104.2656388210199, 580.2058361109337, 63.91356504473052]"
TS,φ HOH'F,25,False,3,0,2.031434846048897,115.302739153,"[0.9693, 1.025, 1.3536, 103.2989, 118.2898, 51.276825]","[0.9637854643428028, 0.9593052537270895, 2.0336619902704243, 103.75068654828065, 31.413751889408417, 77.28707039859397]"
TS,φ HOH'F,20,True,15,0,1.841207161205473,-0.9916582910244902,"[0.9693, 1.025, 1.3536, 103.2989, 118.2898, 54.695280000000004]","[0.9608673240163161, 0.9610147828252994, 2.2707827203492204, 104.26549174083375, 139.78482005063142, 115.93077544158412]"
TS,φ HOH'F,15,False,11,0,1.6920033348413168,115.302739153,"[0.9693, 1.025, 1.3536, 103.2989, 118.2898, 58.113735000000005]","[0.9609472318228633, 0.9609319961859665, -11.330085826288279, 104.14569114748457, -2.4856409432343076, inf]"
TS,φ HOH'F,10,False,5,0,1.584923013419105,115.302739153,"[0.9693, 1.025, 1.3536, 103.2989, 118.2898, 61.53219]","[0.9697753731666631, 2.060481034839942, 1.93880797598158, 95.67690222980312, 61.92793485077387, 58.73696375381698]"
TS,φ HOH'F,5,False,6,0,1.5205544985955461,115.302739153,"[0.9693, 1.025, 1.3536, 103.2989, 118.2898, 64.95064500000001]","[0.9632575429526375, 0.954192180415843, 1.9752138363772265, 103.9120553772716, 364.83535247990034, 82.42802118238443]"
TS,φ HOH'F,0,False,7,0,1.4990864910021267,115.302739153,"[0.9693, 1.025, 1.3536, 103.2989, 118.2898, 68.3691]","[0.9722447712877952, nan, 2.573649063476551, 101.51849568553274, 101.30969314274907, 60.828559020426525]"
TS,φ HOH'F,5,False,5,0,1.5204008387090355,115.302739153,"[0.9693, 1.025, 1.3536, 103.2989, 118.2898, 71.787555]","[0.9714293291333606, 0.6630104777217001, 1.648743971647383, 101.61041508339115, 96.05780414410988, 61.17908831919675]"
TS,φ HOH'F,10,False,6,0,1.5841509099826487,115.302739153,"[0.9693, 1.025, 1.3536, 103.2989, 118.2898, 75.20601]","[0.9582459462626096, 0.450322460382619, 1.6089326657506031, 100.42994925449109, 155.890954000834, 94.85607434753678]"
TS,φ HOH'F,15,False,50,0,1.689826944958945,-3.3017283113804883,"[0.9693, 1.025, 1.3536, 103.2989, 118.2898, 78.624465]","[0.9662829520950484, 0.966877804708254, 2.3062368469403878, 104.55076577894611, 70.05103967222601, 86.56704423985245]"
TS,φ HOH'F,20,True,14,0,1.8368066058972767,-0.0020787597486550363,"[0.9693, 1.025, 1.3536, 103.2989, 118.2898, 82.04292000000001]","[0.9609586652435029, 0.9609583759070792, 13.39022092578489, 104.14754780125674, 182.77797846452162, 181.09869319198296]"
TS,φ HOH'F,25,False,50,0,2.024387860026477,-2.956933474160403,"[0.9693, 1.025, 1.3536, 103.2989, 118.2898, 85.461375]","[0.9626869080498399, 0.9621070229096598, 2.1802550762956323, 104.17137600329198, 65.73722484169339, 87.43119930254937]"
P-vdW (HO--HF),R HO,25,True,33,0,39.806352749736305,-22.337468914337727,"[0.7296, 1.77, 0.9354, 108.6504, 173.6165, -0.0737]","[0.0, 1.77, 0.9354, 100.0, 170.0, 0.0]"
P-vdW (HO--HF),R HO,20,False,4,0,12.332951097944036,115.302739153,"[0.77824, 1.77, 0.9354, 108.6504, 173.6165, -0.0737]","[0.9761454036277806, 2.235168243524182, 0.918191714767317, 102.86854094978176, nan, -9.0474630718521e-06]"
P-vdW (HO--HF),R HO,15,True,21,0,-5.251441353129121,-22.33746891589799,"[0.82688, 1.77, 0.9354, 108.6504, 173.6165, -0.0737]","[0.0, 1.77, 0.9354, 100.0, 170.0, 0.0]"
P-vdW (HO--HF),R HO,10,True,21,0,-15.648320179149332,-22.337468915275345,"[0.87552, 1.77, 0.9354, 108.6504, 173.6165, -0.0737]","[0.0, 1.77, 0.9354, 100.0, 170.0, 0.0]"
P-vdW (HO--HF),R HO,5,True,20,0,-20.85608683544485,-22.337468915760113,"[0.92416, 1.77, 0.9354, 108.6504, 173.6165, -0.0737]","[0.0, 1.77, 0.9354, 100.0, 170.0, 0.0]"
P-vdW (HO--HF),R HO,0,True,8,0,-22.33746796842355,-22.33746819174073,"[0.9728, 1.77, 0.9354, 108.6504, 173.6165, -0.0737]","[0.0, 1.769, 0.9354, 100.0, 170.0, 0.0]"
P-vdW (HO--HF),R HO,5,True,21,0,-21.160940686320878,-22.337468915356638,"[1.02144, 1.77, 0.9354, 108.6504, 173.6165, -0.0737]","[0.0, 1.77, 0.9354, 100.0, 170.0, 0.0]"
P-vdW (HO--HF),R HO,10,True,23,0,-18.108619748042827,-22.33746891631598,"[1.07008, 1.77, 0.9354, 108.6504, 173.6165, -0.0737]","[0.0, 1.77, 0.9354, 100.0, 170.0, 0.0]"
P-vdW (HO--HF),R HO,15,True,25,0,-13.755774087770256,-22.33746891622968,"[1.11872, 1.77, 0.9354, 108.6504, 173.6165, -0.0737]","[0.0, 1.77, 0.9354, 100.0, 170.0, 0.0]"
P-vdW (HO--HF),R HO,20,False,1,0,-8.528545422651087,115.302739153,"[1.16736, 1.77, 0.9354, 108.6504, 173.6165, -0.0737]","[0.31062445634105385, 1.7639518704271322, 0.9350380274481858, 101.41939935954173, 175.97292173999222, -0.0003864784546805389]"
P-vdW (HO--HF),R HO,25,True,26,0,-2.745390683821156,-22.337468916485122,"[1.216, 1.77, 0.9354, 108.6504, 173.6165, -0.0737]","[0.0, 1.77, 0.9354, 70.0, 180.0, 0.0]"
P-vdW (HO--HF),R OH',25,True,28,0,-13.51477100498877,-22.337468913612188,"[0.9728, 1.3275000000000001, 0.9354, 108.6504, 173.6165, -0.0737]","[0.0, 1.77, 0.9354, 100.0, 170.0, 0.0]"
P-vdW (HO--HF),R OH',20,True,27,0,-17.575191627127662,-22.33746891375037,"[0.9728, 1.416, 0.9354, 108.6504, 173.6165, -0.0737]","[0.0, 1.77, 0.9354, 100.0, 170.0, 0.0]"
P-vdW (HO--HF),R OH',15,True,26,0,-20.066918121492275,-22.33746891467376,"[0.9728, 1.5045, 0.9354, 108.6504, 173.6165, -0.0737]","[0.0, 1.77, 0.9354, 100.0, 170.0, 0.0]"
P-vdW (HO--HF),R OH',10,True,25,0,-21.481060508450458,-22.337468915161587,"[0.9728, 1.593, 0.9354, 108.6504, 173.6165, -0.0737]","[0.0, 1.77, 0.9354, 100.0, 170.0, 0.0]"
P-vdW (HO--HF),R OH',5,False,3,0,-22.156241521145905,115.302739153,"[0.9728, 1.6815, 0.9354, 108.6504, 173.6165, -0.0737]","[nan, nan, 0.937144291762521, 109.15410524925277, 173.48283756978944, -0.00013245205330136644]"
P-vdW (HO--HF),R OH',0,True,8,0,-22.33746796842355,-22.33746819174073,"[0.9728, 1.77, 0.9354, 108.6504, 173.6165, -0.0737]","[0.0, 1.769, 0.9354, 100.0, 170.0, 0.0]"
P-vdW (HO--HF),R OH',5,True,26,0,-22.20973199464648,-22.337468915516528,"[0.9728, 1.8585, 0.9354, 108.6504, 173.6165, -0.0737]","[0.0, 1.77, 0.9354, 100.0, 170.0, 0.0]"
P-vdW (HO--HF),R OH',10,True,29,0,-21.906494870136875,-22.33746891480143,"[0.9728, 1.947, 0.9354, 108.6504, 173.6165, -0.0737]","[0.0, 1.77, 0.9354, 100.0, 170.0, 0.0]"
P-vdW (HO--HF),R OH',15,False,1,0,-21.515950693218716,115.302739153,"[0.9728, 2.0355, 0.9354, 108.6504, 173.6165, -0.0737]","[0.9731639720169627, -0.595816937324452, 0.9249861626102195, 109.7734840240664, 169.52319914837034, 0.00018580750407830304]"
P-vdW (HO--HF),R OH',20,False,7,0,-21.091621353303427,115.302739153,"[0.9728, 2.124, 0.9354, 108.6504, 173.6165, -0.0737]","[0.9728207004603894, 13.42437229288652, 0.9223156765103272, 180.05656941142115, 179.93993768118233, nan]"
P-vdW (HO--HF),R OH',25,False,7,0,-20.66386228966371,115.302739153,"[0.9728, 2.2125, 0.9354, 108.6504, 173.6165, -0.0737]","[0.9728203273011472, 10.239345171552308, 0.9223107611511411, 180.00868799933482, 180.00271433654325, nan]"
P-vdW (HO--HF),R H'F,25,True,30,0,41.283295096489894,-22.33746891392523,"[0.9728, 1.77, 0.70155, 108.6504, 173.6165, -0.0737]","[0.0, 1.77, 0.9354, 100.0, 170.0, 0.0]"
P-vdW (HO--HF),R H'F,20,True,25,0,13.208380330362758,-22.337468915441036,"[0.9728, 1.77, 0.74832, 108.6504, 173.6165, -0.0737]","[0.0, 1.77, 0.9354, 100.0, 170.0, 0.0]"
P-vdW (HO--HF),R H'F,15,True,28,0,-4.7580881193029265,-22.337468916292682,"[0.9728, 1.77, 0.79509, 108.6504, 173.6165, -0.0737]","[0.0, 1.77, 0.9354, 100.0, 170.0, 0.0]"
P-vdW (HO--HF),R H'F,10,False,10,0,-15.418621388004285,115.302739153,"[0.9728, 1.77, 0.84186, 108.6504, 173.6165, -0.0737]","[0.9728648450875125, 1.766679149505387, 0.9348439239302399, 108.57099047054119, 126775.90501571671, 4.723948132966295e-06]"
P-vdW (HO--HF),R H'F,5,False,14,0,-20.79539725552349,115.302739153,"[0.9728, 1.77, 0.88863, 108.6504, 173.6165, -0.0737]","[nan, nan, 0.9865462169694493, 108.66482717283475, 173.75548004463394, 6.0938987364090504e-05]"
P-vdW (HO--HF),R H'F,0,True,8,0,-22.33746796842355,-22.33746819174073,"[0.9728, 1.77, 0.9354, 108.6504, 173.6165, -0.0737]","[0.0, 1.769, 0.9354, 100.0, 170.0, 0.0]"
P-vdW (HO--HF),R H'F,5,True,27,0,-21.097664923434856,-22.3374689150128,"[0.9728, 1.77, 0.98217, 108.6504, 173.6165, -0.0737]","[0.0, 1.77, 0.9354, 100.0, 170.0, 0.0]"
P-vdW (HO--HF),R H'F,10,False,8,0,-17.85753065913558,115.302739153,"[0.9728, 1.77, 1.02894, 108.6504, 173.6165, -0.0737]","[nan, nan, nan, 108.86400312182828, 173.7218012728082, 2.3705117159669557e-05]"
P-vdW (HO--HF),R H'F,15,False,1,0,-13.209471945461683,115.302739153,"[0.9728, 1.77, 1.07571, 108.6504, 173.6165, -0.0737]","[0.9742851812877573, 1.2252721024996835, 0.662533819167096, 107.96337623603759, 171.519335719791, 0.0001551972713418337]"
P-vdW (HO--HF),R H'F,20,False,1,0,-7.609255156575351,115.302739153,"[0.9728, 1.77, 1.12248, 108.6504, 173.6165, -0.0737]","[0.9749482690798293, 0.09174334273163409, 0.25934539223416553, 107.40425819163858, 170.85423433566953, 0.00021145052151909371]"
P-vdW (HO--HF),R H'F,25,False,2,0,-1.4091133198425192,115.302739153,"[0.9728, 1.77, 1.16925, 108.6504, 173.6165, -0.0737]","[0.9714246686500202, 8.152142787783498, -0.663012091972904, 154.7859373133056, 158.66991516535217, 0.0014281209769604183]"
P-vdW (HO--HF),θ HOH',25,True,20,0,-20.677906070901788,-22.337468914775258,"[0.9728, 1.77, 0.9354, 81.48780000000001, 173.6165, -0.0737]","[0.0, 1.77, 0.9354, 100.0, 170.0, 0.0]"
P-vdW (HO--HF),θ HOH',20,True,16,0,-21.3080882241172,-22.3374689156742,"[0.9728, 1.77, 0.9354, 86.92032, 173.6165, -0.0737]","[0.0, 1.77, 0.9354, 100.0, 170.0, 0.0]"
P-vdW (HO--HF),θ HOH',15,True,9,0,-21.78271431494742,-22.33746852991581,"[0.9728, 1.77, 0.9354, 92.35284, 173.6165, -0.0737]","[0.0, 1.77, 0.9354, 100.0, 170.0, 0.0]"
P-vdW (HO--HF),θ HOH',10,True,5,0,-22.10496596290854,-22.337391900002824,"[0.9728, 1.77, 0.9354, 97.78536, 173.6165, -0.0737]","[0.0, 1.769, 0.9353, 100.0, 170.0, 0.0]"
P-vdW (HO--HF),θ HOH',5,True,14,0,-22.283490031427014,-22.33746802994172,"[0.9728, 1.77, 0.9354, 103.21788000000001, 173.6165, -0.0737]","[0.0, 1.77, 0.9354, 100.0, 170.0, 0.0]"
P-vdW (HO--HF),θ HOH',0,True,8,0,-22.33746796842355,-22.33746819174073,"[0.9728, 1.77, 0.9354, 108.6504, 173.6165, -0.0737]","[0.0, 1.769, 0.9354, 100.0, 170.0, 0.0]"
P-vdW (HO--HF),θ HOH',5,False,3,0,-22.292234792545358,115.302739153,"[0.9728, 1.77, 0.9354, 114.08292, 173.6165, -0.0737]","[nan, nan, 1.0352052110610257, 109.55031334387695, 173.1636233295757, 0.0002303408995724761]"
P-vdW (HO--HF),θ HOH',10,True,23,0,-22.17234365702478,-22.33746891501534,"[0.9728, 1.77, 0.9354, 119.51544000000001, 173.6165, -0.0737]","[0.0, 1.77, 0.9354, 100.0, 170.0, 0.0]"
P-vdW (HO--HF),θ HOH',15,False,9,0,-21.99739439911353,115.302739153,"[0.9728, 1.77, 0.9354, 124.94796000000001, 173.6165, -0.0737]","[0.9727883297948035, 1.7713203620788573, 0.935640730498703, 108.60508182809917, 173.65832005998465, 7.926481451493288e-07]"
P-vdW (HO--HF),θ HOH',20,True,21,0,-21.78183316588971,-22.337468914061855,"[0.9728, 1.77, 0.9354, 130.38048, 173.6165, -0.0737]","[0.0, 1.77, 0.9354, 100.0, 170.0, 0.0]"
P-vdW (HO--HF),θ HOH',25,True,30,0,-21.537159095210487,-22.33746891478161,"[0.9728, 1.77, 0.9354, 135.81300000000002, 173.6165, -0.0737]","[0.0, 1.77, 0.9354, 100.0, 170.0, 0.0]"
P-vdW (HO--HF),θ OH'F,25,True,10,0,-18.83498322401374,-16.147765813014153,"[0.9728, 1.77, 0.9354, 108.6504, 130.212375, -0.0737]","[0.0, 10.0, 0.9223, 360.0, -1260.0, 0.0]"
P-vdW (HO--HF),θ OH'F,20,True,18,0,-20.061819657878914,-22.337468917980463,"[0.9728, 1.77, 0.9354, 108.6504, 138.8932, -0.0737]","[0.0, 1.77, 0.9354, 100.0, 170.0, 0.0]"
P-vdW (HO--HF),θ OH'F,15,True,28,0,-21.094141317636062,-22.3374687791792,"[0.9728, 1.77, 0.9354, 108.6504, 147.574025, -0.0737]","[0.0, 1.77, 0.9354, 100.0, 170.0, 0.0]"
P-vdW (HO--HF),θ OH'F,10,True,26,0,-21.81414723395613,-22.337468914230076,"[0.9728, 1.77, 0.9354, 108.6504, 156.25485, -0.0737]","[0.0, 1.77, 0.9354, 100.0, 170.0, 0.0]"
P-vdW (HO--HF),θ OH'F,5,False,9,0,-22.214237896247692,115.302739153,"[0.9728, 1.77, 0.9354, 108.6504, 164.935675, -0.0737]","[nan, nan, 1.0351529575599698, 108.78018592607894, 173.73397437800938, 0.0999927303012505]"
P-vdW (HO--HF),θ OH'F,0,True,8,0,-22.33746796842355,-22.33746819174073,"[0.9728, 1.77, 0.9354, 108.6504, 173.6165, -0.0737]","[0.0, 1.769, 0.9354, 100.0, 170.0, 0.0]"
P-vdW (HO--HF),θ OH'F,5,True,17,0,-22.224374581932903,-22.337468917266506,"[0.9728, 1.77, 0.9354, 108.6504, 182.297325, -0.0737]","[0.0, 1.77, 0.9354, 100.0, 170.0, 0.0]"
P-vdW (HO--HF),θ OH'F,10,True,27,0,-21.891802152234455,-22.337468914055417,"[0.9728, 1.77, 0.9354, 108.6504, 190.97815, -0.0737]","[0.0, 1.77, 0.9354, 100.0, 170.0, 0.0]"
P-vdW (HO--HF),θ OH'F,15,True,24,0,-21.33040610437212,-22.337468915576583,"[0.9728, 1.77, 0.9354, 108.6504, 199.658975, -0.0737]","[0.0, 1.77, 0.9354, 100.0, 170.0, 0.0]"
P-vdW (HO--HF),θ OH'F,20,False,2,0,-20.507726138999978,115.302739153,"[0.9728, 1.77, 0.9354, 108.6504, 208.3398, -0.0737]","[nan, nan, 3.436342134257493, 110.16028303363156, 181.36542652405612, -1.3486938044260377e-05]"
P-vdW (HO--HF),θ OH'F,25,True,28,0,-19.37405565193795,-22.337468915863752,"[0.9728, 1.77, 0.9354, 108.6504, 217.020625, -0.0737]","[0.0, 1.77, 0.9354, 100.0, 170.0, 0.0]"
P-vdW (HO--HF),φ HOH'F,25,True,7,0,-22.33746800078384,-22.3374689152077,"[0.9728, 1.77, 0.9354, 108.6504, 173.6165, -0.055275000000000005]","[0.0, 1.77, 0.9354, 100.0, 170.0, 0.0]"
P-vdW (HO--HF),φ HOH'F,20,True,7,0,-22.337467995051433,-22.337468915199942,"[0.9728, 1.77, 0.9354, 108.6504, 173.6165, -0.05896]","[0.0, 1.77, 0.9354, 100.0, 170.0, 0.0]"
P-vdW (HO--HF),φ HOH'F,15,True,7,0,-22.337467988949122,-22.33746891520661,"[0.9728, 1.77, 0.9354, 108.6504, 173.6165, -0.062645]","[0.0, 1.77, 0.9354, 100.0, 170.0, 0.0]"
P-vdW (HO--HF),φ HOH'F,10,True,7,0,-22.337467982477012,-22.33746891520117,"[0.9728, 1.77, 0.9354, 108.6504, 173.6165, -0.06633]","[0.0, 1.77, 0.9354, 100.0, 170.0, 0.0]"
P-vdW (HO--HF),φ HOH'F,5,True,7,0,-22.337467975635104,-22.33746891520155,"[0.9728, 1.77, 0.9354, 108.6504, 173.6165, -0.07001500000000001]","[0.0, 1.77, 0.9354, 100.0, 170.0, 0.0]"
P-vdW (HO--HF),φ HOH'F,0,True,8,0,-22.33746796842355,-22.33746819174073,"[0.9728, 1.77, 0.9354, 108.6504, 173.6165, -0.0737]","[0.0, 1.769, 0.9354, 100.0, 170.0, 0.0]"
P-vdW (HO--HF),φ HOH'F,5,True,7,0,-22.337467960841877,-22.337468915196347,"[0.9728, 1.77, 0.9354, 108.6504, 173.6165, -0.077385]","[0.0, 1.77, 0.9354, 100.0, 170.0, 0.0]"
P-vdW (HO--HF),φ HOH'F,10,True,7,0,-22.337467952890425,-22.33746891519897,"[0.9728, 1.77, 0.9354, 108.6504, 173.6165, -0.08107]","[0.0, 1.77, 0.9354, 100.0, 170.0, 0.0]"
P-vdW (HO--HF),φ HOH'F,15,True,6,0,-22.337467944569237,-22.337468763599226,"[0.9728, 1.77, 0.9354, 108.6504, 173.6165, -0.084755]","[0.0, 1.77, 0.9354, 100.0, 170.0, 0.0]"
P-vdW (HO--HF),φ HOH'F,20,False,7,0,-22.3374679358781,115.302739153,"[0.9728, 1.77, 0.9354, 108.6504, 173.6165, -0.08844]","[nan, nan, 0.9354227075227547, 108.64966958596888, 173.71537147474982, -9.163127127532042e-05]"
P-vdW (HO--HF),φ HOH'F,25,True,4,0,-22.337467926817194,-22.337453241081,"[0.9728, 1.77, 0.9354, 108.6504, 173.6165, -0.092125]","[0.0, 1.77, 0.9354, 100.0, 170.0, 0.0]"
HO+HF,R HO,25,True,11,0,45.424281106299674,-16.151340744855343,"[0.7296, 20, 0.9223, 300, 300, 300]","[0.0, 20.0, 0.92231, 300.0, 290.0, 300.0]"
HO+HF,R HO,20,False,7,0,18.259587622785915,115.302739153,"[0.77824, 20, 0.9223, 300, 300, 300]","[0.9727257588398471, 21.737561897300644, 0.9223100125526053, 300.31162132980364, -inf, 297.690066342573]"
HO+HF,R HO,15,True,11,0,0.8538918107444595,-16.151340743250316,"[0.82688, 20, 0.9223, 300, 300, 300]","[0.0, 20.0, 0.92231, 290.0, 300.0, 300.0]"
HO+HF,R HO,10,False,4,0,-9.472878742816146,115.302739153,"[0.87552, 20, 0.9223, 300, 300, 300]","[0.97276797843284, nan, 0.9223354148331996, 299.77026819923367, 297.562555555555, 300.2618168340185]"
HO+HF,R HO,5,True,10,0,-14.668005487651385,-16.151340743171154,"[0.92416, 20, 0.9223, 300, 300, 300]","[0.0, 20.0, 0.92231, 300.0, 290.0, 300.0]"
HO+HF,R HO,0,True,3,0,-16.15134046030466,-16.151340743336586,"[0.9728, 20, 0.9223, 300, 300, 300]","[0.0, 20.0, 0.92231, 300.0, 300.0, 300.0]"
HO+HF,R HO,5,True,11,0,-14.967652911405478,-16.151340742214988,"[1.02144, 20, 0.9223, 300, 300, 300]","[0.0, 20.0, 0.92231, 300.0, 300.0, 300.0]"
HO+HF,R HO,10,True,11,0,-11.892345621869522,-16.151340742317906,"[1.07008, 20, 0.9223, 300, 300, 300]","[0.0, -20.0, 0.92231, 300.0, 300.0, 290.0]"
HO+HF,R HO,15,True,11,0,-7.504541759931302,-16.151340747217606,"[1.11872, 20, 0.9223, 300, 300, 300]","[0.0, 20.0, 0.92231, 300.0, 290.0, 300.0]"
HO+HF,R HO,20,False,1,0,-2.2382983213205416,115.302739153,"[1.16736, 20, 0.9223, 300, 300, 300]","[0.28636265056355814, 23.38611111111116, 0.9218224929412764, 300.1, 300.04791914387636, 300.0744680851064]"
HO+HF,R HO,25,True,10,0,3.5807601059499965,-16.15134062828087,"[1.216, 20, 0.9223, 300, 300, 300]","[0.0, 20.0, 0.92231, 300.0, 300.0, 290.0]"
HO+HF,R H'F,25,True,11,0,51.41025391796252,-16.151340760630095,"[0.9728, 20, 0.691725, 300, 300, 300]","[0.0, 20.0, 0.92231, 300.0, 300.0, 300.0]"
HO+HF,R H'F,20,True,12,0,21.61226357079115,-16.151340751153338,"[0.9728, 20, 0.73784, 300, 300, 300]","[0.0, 20.0, 0.92231, 300.0, 300.0, 300.0]"
HO+HF,R H'F,15,False,7,0,2.557052768486155,115.302739153,"[0.9728, 20, 0.783955, 300, 300, 300]","[0.9728183698852035, 21.951184722844236, 0.9222553893616995, 299.52671944634767, -inf, 299.6926950070493]"
HO+HF,R H'F,10,False,6,0,-8.773199985589486,115.302739153,"[0.9728, 20, 0.83007, 300, 300, 300]","[0.972821921817649, inf, 0.922287742857794, 301.3481518952065, 300.45678390628325, 300.91246640365307]"
HO+HF,R H'F,5,True,11,0,-14.504811029444424,-16.151340763636814,"[0.9728, 20, 0.876185, 300, 300, 300]","[0.0, 20.0, 0.92231, 300.0, 300.0, 300.0]"
HO+HF,R H'F,0,True,3,0,-16.15134046030466,-16.151340743336586,"[0.9728, 20, 0.9223, 300, 300, 300]","[0.0, 20.0, 0.92231, 300.0, 300.0, 300.0]"
HO+HF,R H'F,5,False,2,0,-14.825470189690664,115.302739153,"[0.9728, 20, 0.968415, 300, 300, 300]","[0.9727401532602074, nan, 0.9303865295456434, 300.4142857142858, 300.030488459474, 300.14458143536797]"
HO+HF,R H'F,10,True,10,0,-11.365543741235488,-16.151340740957792,"[0.9728, 20, 1.01453, 300, 300, 300]","[0.0, 20.0, 0.92231, 290.0, 300.0, 290.0]"
HO+HF,R H'F,15,False,1,0,-6.40954104639811,115.302739153,"[0.9728, 20, 1.060645, 300, 300, 300]","[0.9727743472546467, 20.869251336898408, 0.6569938203024029, 298.5899999999997, 300.5000000000001, 300.0490384615385]"
HO+HF,R H'F,20,False,1,0,-0.4417949575797022,115.302739153,"[0.9728, 20, 1.10676, 300, 300, 300]","[0.9726974388404401, 20.764254321711114, 0.30765086652592766, 300.0910370490212, 300.04645921372776, 299.9935710567413]"
HO+HF,R H'F,25,False,2,0,6.17366539868414,115.302739153,"[0.9728, 20, 1.152875, 300, 300, 300]","[0.9722258756043175, 22.24421487603309, -0.5974273120058252, 299.5631578947367, 299.3170081967212, 299.90480668756527]"
P'-vdW (HO--FH),R HO,25,False,10,0,44.32401018852296,115.302739153,"[0.730125, 3.9974, 0.922, 17.51, 46.76, 0.0001]","[0.9728227913501818, 11.61553698097108, 0.9223144779630322, -179.98219599891132, -180.00431937637228, nan]"
P'-vdW (HO--FH),R HO,20,False,2,0,16.6375255190492,115.302739153,"[0.7788, 3.9974, 0.922, 17.51, 46.76, 0.0001]","[nan, nan, 1.025732590824398, 19.999313313888177, nan, 8.711850188744416e-06]"
P'-vdW (HO--FH),R HO,15,False,7,0,-1.0353411613725587,115.302739153,"[0.827475, 3.9974, 0.922, 17.51, 46.76, 0.0001]","[0.9727626901608227, 12.146169815660754, 0.9223164472266072, 0.0057017810718937596, -0.0017626347306630014, nan]"
P'-vdW (HO--FH),R HO,10,False,7,0,-11.512444160074018,115.302739153,"[0.87615, 3.9974, 0.922, 17.51, 46.76, 0.0001]","[0.9728372896605609, 13.312240250223612, 0.9223234761409962, -0.004394719041981226, 0.0012882182778187479, nan]"
P'-vdW (HO--FH),R HO,5,False,7,0,-16.823617490143146,115.302739153,"[0.924825, 3.9974, 0.922, 17.51, 46.76, 0.0001]","[0.9728670960948398, 13.704547294738193, 0.9223222447168813, 0.00206076639096991, -0.003681140077638683, nan]"
P'-vdW (HO--FH),R HO,0,True,10,0,-18.427416069824982,-16.151349781220052,"[0.9735, 3.9974, 0.922, 17.51, 46.76, 0.0001]","[0.9728180319899891, 17.576628627807377, 0.9223130708144306, 0.15360736507388786, 0.1509267365013385, 0.364112738089632]"
P'-vdW (HO--FH),R HO,5,False,2,0,-17.38186759407966,115.302739153,"[1.022175, 3.9974, 0.922, 17.51, 46.76, 0.0001]","[0.9803029218932663, nan, 0.9216620815258584, 15.196041535908305, 32.87521706270064, 0.048207608727785324]"
P'-vdW (HO--FH),R HO,10,False,1,0,-14.462690630410815,115.302739153,"[1.07085, 3.9974, 0.922, 17.51, 46.76, 0.0001]","[0.8681164369814465, -0.08288573472613159, 0.9237968174910776, 14.655850800675514, 35.085277405885144, 1.940043547824412e-05]"
P'-vdW (HO--FH),R HO,15,False,1,0,-10.242884395215448,115.302739153,"[1.119525, 3.9974, 0.922, 17.51, 46.76, 0.0001]","[0.7119113379910729, 2.110351744274257, 0.923714234579885, 14.391435534667833, 37.066080196915166, 1.3972738916821184e-05]"
P'-vdW (HO--FH),R HO,20,False,1,0,-5.14671838804885,115.302739153,"[1.1682000000000001, 3.9974, 0.922, 17.51, 46.76, 0.0001]","[0.37720721777273025, 2.8212039879204447, 0.923497273714536, 14.20785321519758, 38.74243285910934, -1.624464013510698e-05]"
P'-vdW (HO--FH),R HO,25,False,1,0,0.5125399894470607,115.302739153,"[1.216875, 3.9974, 0.922, 17.51, 46.76, 0.0001]","[-0.4985628997914715, 3.179956573340373, 0.9231602899584395, 14.085364119062515, 40.25248131273827, 4.604362701757903e-05]"
P'-vdW (HO--FH),R OH',25,False,16,0,-13.758103271383236,115.302739153,"[0.9735, 2.99805, 0.922, 17.51, 46.76, 0.0001]","[0.9728182081894899, 13.170322510958746, 0.9223126534097286, -180.00530780170686, 7560.01233458836, nan]"
P'-vdW (HO--FH),R OH',20,False,6,0,-17.718947494808077,115.302739153,"[0.9735, 3.19792, 0.922, 17.51, 46.76, 0.0001]","[nan, nan, 0.9236613934238118, 23.364899444105347, 55.7342878998762, -1.4690053272126855e-06]"
P'-vdW (HO--FH),R OH',15,False,50,0,-18.997230775782647,-19.233571634542905,"[0.9735, 3.3977899999999996, 0.922, 17.51, 46.76, 0.0001]","[0.9752390307035982, 3.3335470509693614, 0.9234065206944805, 24.656972153206, 57.724039278741614, 1.5549350440909211e-07]"
P'-vdW (HO--FH),R OH',10,False,3,0,-19.17132015143431,115.302739153,"[0.9735, 3.59766, 0.922, 17.51, 46.76, 0.0001]","[nan, nan, 1.023104310826558, -36900.50523574495, 49.24298349957876, 3.001650164001536e-05]"
P'-vdW (HO--FH),R OH',5,False,13,0,-18.882690892720113,115.302739153,"[0.9735, 3.79753, 0.922, 17.51, 46.76, 0.0001]","[nan, nan, nan, 24.1972085470831, 59.878104497532725, 4.850770424788247e-07]"
P'-vdW (HO--FH),R OH',0,True,10,0,-18.427416069824982,-16.151349781220052,"[0.9735, 3.9974, 0.922, 17.51, 46.76, 0.0001]","[0.9728180319899891, 17.576628627807377, 0.9223130708144306, 0.15360736507388786, 0.1509267365013385, 0.364112738089632]"
P'-vdW (HO--FH),R OH',5,False,7,0,-17.96581732163873,115.302739153,"[0.9735, 4.19727, 0.922, 17.51, 46.76, 0.0001]","[0.9728386895035591, 12.80418184248081, 0.9223153721177908, 0.003034096708129933, 0.007271137514981346, nan]"
P'-vdW (HO--FH),R OH',10,False,7,0,-17.57345673809146,115.302739153,"[0.9735, 4.39714, 0.922, 17.51, 46.76, 0.0001]","[0.9728338935662494, 12.387786386636403, 0.9223116729110368, 0.007920242860873419, 0.000772130035573769, nan]"
P'-vdW (HO--FH),R OH',15,False,7,0,-17.269914907449973,115.302739153,"[0.9735, 4.59701, 0.922, 17.51, 46.76, 0.0001]","[0.9728334807621122, 12.930362950562156, 0.9223148858991439, -0.002191376363145554, -4.444823127748576e-05, nan]"
P'-vdW (HO--FH),R OH',20,False,2,0,-17.046141216338324,115.302739153,"[0.9735, 4.79688, 0.922, 17.51, 46.76, 0.0001]","[nan, nan, nan, 14992.287812080764, nan, 0.10000578925054969]"
P'-vdW (HO--FH),R OH',25,False,8,0,-16.883637663678858,115.302739153,"[0.9735, 4.99675, 0.922, 17.51, 46.76, 0.0001]","[0.9728187288190043, 14.227691201691021, 0.9223113661516036, 0.003736198533365545, 0.008638285580438202, nan]"
P'-vdW (HO--FH),R H'F,25,False,10,0,50.46319799497251,115.302739153,"[0.9735, 3.9974, 0.6915, 17.51, 46.76, 0.0001]","[0.9728201548823803, 12.720162871185257, 0.9223218538077577, 359.9877611420674, 180.01050570939734, nan]"
P'-vdW (HO--FH),R H'F,20,False,2,0,19.993992097013642,115.302739153,"[0.9735, 3.9974, 0.7376, 17.51, 46.76, 0.0001]","[0.9744670292040442, 5.473191186265341, 0.981114993597817, -5.094687858183079, nan, 0.09997496526812744]"
P'-vdW (HO--FH),R H'F,15,False,8,0,0.5412299612971248,115.302739153,"[0.9735, 3.9974, 0.7837000000000001, 17.51, 46.76, 0.0001]","[nan, nan, 0.9222414191486819, 2077833425.8414857, 0.00037204456279645026, nan]"
P'-vdW (HO--FH),R H'F,10,False,8,0,-10.954883560248279,115.302739153,"[0.9735, 3.9974, 0.8298000000000001, 17.51, 46.76, 0.0001]","[0.972815697870224, 14.247222647533212, 0.9223059218904932, 0.018300208652826118, -0.0029982568575763406, nan]"
P'-vdW (HO--FH),R H'F,5,False,8,0,-16.734914353990277,115.302739153,"[0.9735, 3.9974, 0.8759, 17.51, 46.76, 0.0001]","[0.9728147556835268, 15.134195150220767, 0.9222928931483388, -0.13700417433858475, -0.0658020478570314, nan]"
P'-vdW (HO--FH),R H'F,0,True,10,0,-18.427416069824982,-16.151349781220052,"[0.9735, 3.9974, 0.922, 17.51, 46.76, 0.0001]","[0.9728180319899891, 17.576628627807377, 0.9223130708144306, 0.15360736507388786, 0.1509267365013385, 0.364112738089632]"
P'-vdW (HO--FH),R H'F,5,False,7,0,-17.21018837917933,115.302739153,"[0.9735, 3.9974, 0.9681000000000001, 17.51, 46.76, 0.0001]","[0.9728380557014253, 14.99401167615439, 0.9222177214123292, -0.018306224736430638, 0.037428732821675595, nan]"
P'-vdW (HO--FH),R H'F,10,True,9,0,-13.930302408071162,-16.15134496120986,"[0.9735, 3.9974, 1.0142, 17.51, 46.76, 0.0001]","[0.9728221805515112, 18.3371901042591, 0.9223129051222098, -0.7673366293322417, -0.3645031849692105, -0.048382807217313535]"
P'-vdW (HO--FH),R H'F,15,True,12,0,-9.197330263748048,-16.15134088958352,"[0.9735, 3.9974, 1.0603, 17.51, 46.76, 0.0001]","[0.9728188509596793, 21.40507274001271, 0.9223114131119491, 12.307793650228147, 29.930257553317475, 0.5398743725141926]"
P'-vdW (HO--FH),R H'F,20,False,1,0,-3.4568064084290504,115.302739153,"[0.9735, 3.9974, 1.1064, 17.51, 46.76, 0.0001]","[0.9769758461631114, -25.77016007918959, 0.3932277767531772, 17.784614685594754, 31.23585316153353, -4.357095441236257e-05]"
P'-vdW (HO--FH),R H'F,25,False,1,0,2.955085260231501,115.302739153,"[0.9735, 3.9974, 1.1525, 17.51, 46.76, 0.0001]","[0.9771007484932225, -2.6487966163691885, -0.43252269461254533, 18.30673073053859, 32.538846467804845, 3.936607431470614e-05]"
P'-vdW (HO--FH),θ HOH',25,False,8,0,-18.424571993683642,115.302739153,"[0.9735, 3.9974, 0.922, 13.1325, 46.76, 0.0001]","[0.9728124013363042, 16.038444799467612, 0.9223114550528765, 0.06872041479239888, 0.1324055157595681, nan]"
P'-vdW (HO--FH),θ HOH',20,False,6,0,-18.42942678968218,115.302739153,"[0.9735, 3.9974, 0.922, 14.008000000000001, 46.76, 0.0001]","[0.972778293802137, 13.809901030536928, 0.9223469160570678, -0.020652536449587016, 0.12242551020159667, nan]"
P'-vdW (HO--FH),θ HOH',15,False,7,0,-18.432120921167275,115.302739153,"[0.9735, 3.9974, 0.922, 14.883500000000002, 46.76, 0.0001]","[0.9728358837701755, 14.740724705456003, 0.9223189247094906, -0.02645738148239099, 0.02801176835546534, nan]"
P'-vdW (HO--FH),θ HOH',10,False,4,0,-18.43266938276782,115.302739153,"[0.9735, 3.9974, 0.922, 15.759, 46.76, 0.0001]","[0.9725742573181303, 11.466966771150574, 0.9222409257080482, -0.7691069651700039, 14433214.66744492, nan]"
P'-vdW (HO--FH),θ HOH',5,False,7,0,-18.431092550693094,115.302739153,"[0.9735, 3.9974, 0.922, 16.634500000000003, 46.76, 0.0001]","[0.9728354467681448, 14.523936035314534, 0.9223191654672562, -0.008999857935240302, 0.0039112349562992164, nan]"
P'-vdW (HO--FH),θ HOH',0,True,10,0,-18.427416069824982,-16.151349781220052,"[0.9735, 3.9974, 0.922, 17.51, 46.76, 0.0001]","[0.9728180319899891, 17.576628627807377, 0.9223130708144306, 0.15360736507388786, 0.1509267365013385, 0.364112738089632]"
P'-vdW (HO--FH),θ HOH',5,False,7,0,-18.421670723817197,115.302739153,"[0.9735, 3.9974, 0.922, 18.3855, 46.76, 0.0001]","[0.972834871866987, 14.340193859216207, 0.9223194216134316, -0.02046121616700009, 0.004999253112698187, nan]"
P'-vdW (HO--FH),θ HOH',10,False,7,0,-18.413892288518312,115.302739153,"[0.9735, 3.9974, 0.922, 19.261000000000003, 46.76, 0.0001]","[0.9728345316888866, 14.26274167951408, 0.9223195580988262, -0.0017377072703216078, -0.002454995494308037, nan]"
P'-vdW (HO--FH),θ HOH',15,False,7,0,-18.404121368955334,115.302739153,"[0.9735, 3.9974, 0.922, 20.1365, 46.76, 0.0001]","[0.9728341562413356, 14.193662885880734, 0.9223197028023875, 0.0009493446504677799, 0.020727624595108247, nan]"
P'-vdW (HO--FH),θ HOH',20,False,7,0,-18.39240322001082,115.302739153,"[0.9735, 3.9974, 0.922, 21.012, 46.76, 0.0001]","[0.9728337438892354, 14.13369917071661, 0.9223198548681019, 0.013211486122822625, 0.013518419074785758, nan]"
P'-vdW (HO--FH),θ HOH',25,True,10,0,-18.378787550872516,-16.15135347493705,"[0.9735, 3.9974, 0.922, 21.887500000000003, 46.76, 0.0001]","[0.9728181787693272, 17.23398156765215, 0.9223130383587674, -0.03970506144035275, 0.33700581522567463, 0.35063448571343325]"
P'-vdW (HO--FH),θ OH'F,25,False,50,0,-18.639659741340115,-19.237957150736527,"[0.9735, 3.9974, 0.922, 17.51, 35.07, 0.0001]","[0.9739951063471333, 3.356113761810299, 0.9236532936674482, 24.879225573496846, 59.76224544853039, -8.221037641247624e-06]"
P'-vdW (HO--FH),θ OH'F,20,False,1,0,-18.617711204225582,115.302739153,"[0.9735, 3.9974, 0.922, 17.51, 37.408, 0.0001]","[0.9762088206647059, 2.3290596230783276, 0.9236392554181343, 11.418559865160743, 31.312299292599374, 1.0514034571033754e-05]"
P'-vdW (HO--FH),θ OH'F,15,False,1,0,-18.585384492116606,115.302739153,"[0.9735, 3.9974, 0.922, 17.51, 39.745999999999995, 0.0001]","[0.9764198432035917, 0.9214834872394952, 0.923673102871579, 12.465016020545526, 31.291981624563572, 2.4221693645147042e-05]"
P'-vdW (HO--FH),θ OH'F,10,False,6,0,-18.542695021783583,115.302739153,"[0.9735, 3.9974, 0.922, 17.51, 42.083999999999996, 0.0001]","[0.972780988630736, -11.212003590184255, 0.9223017699879343, -0.002039176724001076, -0.004988327226221206, nan]"
P'-vdW (HO--FH),θ OH'F,5,True,10,0,-18.489888795703205,-16.151340783715835,"[0.9735, 3.9974, 0.922, 17.51, 44.422, 0.0001]","[0.9728179623113768, 22.842291360504156, 0.9223130136242927, 9.902097155241414, 19.347910122209395, 1.1176801430640946]"
P'-vdW (HO--FH),θ OH'F,0,True,10,0,-18.427416069824982,-16.151349781220052,"[0.9735, 3.9974, 0.922, 17.51, 46.76, 0.0001]","[0.9728180319899891, 17.576628627807377, 0.9223130708144306, 0.15360736507388786, 0.1509267365013385, 0.364112738089632]"
P'-vdW (HO--FH),θ OH'F,5,False,6,0,-18.35589989765168,115.302739153,"[0.9735, 3.9974, 0.922, 17.51, 49.098, 0.0001]","[0.9727894919538227, 12.998912457309292, 0.9223004398194219, 0.007087041527992888, -0.01200038643395162, inf]"
P'-vdW (HO--FH),θ OH'F,10,False,8,0,-18.27610183522698,115.302739153,"[0.9735, 3.9974, 0.922, 17.51, 51.436, 0.0001]","[0.9728145461999844, 14.502697086198658, 0.9223099271299415, -0.017128067704207814, 0.0267157137794457, nan]"
P'-vdW (HO--FH),θ OH'F,15,False,8,0,-18.188886756560905,115.302739153,"[0.9735, 3.9974, 0.922, 17.51, 53.774, 0.0001]","[0.9728127394395824, 14.23452949812112, 0.9223094618055829, -0.003521793684861802, -0.020139671511736432, nan]"
P'-vdW (HO--FH),θ OH'F,20,False,8,0,-18.095188363090244,115.302739153,"[0.9735, 3.9974, 0.922, 17.51, 56.111999999999995, 0.0001]","[0.9728113372198604, 14.328882453910904, 0.9223112480287249, 0.004892433178142494, 0.0990796007963454, nan]"
P'-vdW (HO--FH),θ OH'F,25,True,10,0,-17.995976628838513,-16.151371508132463,"[0.9735, 3.9974, 0.922, 17.51, 58.449999999999996, 0.0001]","[0.9728177839973885, 16.35173666417376, 0.9223133142778377, -0.04917497052972246, 0.015371842598915185, 1.9707464907189685]"
P'-vdW (HO--FH),φ HOH'F,25,False,7,0,-18.427416069825608,115.302739153,"[0.9735, 3.9974, 0.922, 17.51, 46.76, 7.500000000000001e-05]","[0.9728351770721245, 14.427739257375945, 0.9223192916663108, -0.0034094955687052984, -0.07078811709585656, nan]"
P'-vdW (HO--FH),φ HOH'F,20,False,6,0,-18.42741606982557,115.302739153,"[0.9735, 3.9974, 0.922, 17.51, 46.76, 8e-05]","[0.9727816632545128, 13.375992121295635, 0.9223010268454178, 0.000790437256831665, 0.000658891582365255, -0.01685901962117131]"
P'-vdW (HO--FH),φ HOH'F,15,False,7,0,-18.42741606982537,115.302739153,"[0.9735, 3.9974, 0.922, 17.51, 46.76, 8.5e-05]","[0.9728351765007345, 14.427822721187635, 0.9223192909497331, -0.01704252420067994, -0.0010857323405119284, nan]"
P'-vdW (HO--FH),φ HOH'F,10,False,4,0,-18.427416069825426,115.302739153,"[0.9735, 3.9974, 0.922, 17.51, 46.76, 9e-05]","[0.9725867123675684, 11.264380528402324, 0.9222401272314954, 0.250370812905117, -0.22220027859534275, inf]"
P'-vdW (HO--FH),φ HOH'F,5,True,10,0,-18.427416069825117,-16.151349705019708,"[0.9735, 3.9974, 0.922, 17.51, 46.76, 9.5e-05]","[0.9728180318933505, 17.585081771893886, 0.922313070765706, 0.2073343012525928, -0.19323961009315574, -1.115858824531136]"
P'-vdW (HO--FH),φ HOH'F,0,True,10,0,-18.427416069824982,-16.151349781220052,"[0.9735, 3.9974, 0.922, 17.51, 46.76, 0.0001]","[0.9728180319899891, 17.576628627807377, 0.9223130708144306, 0.15360736507388786, 0.1509267365013385, 0.364112738089632]"
P'-vdW (HO--FH),φ HOH'F,5,False,7,0,-18.427416069824904,115.302739153,"[0.9735, 3.9974, 0.922, 17.51, 46.76, 0.000105]","[0.9728351772147869, 14.427639990077802, 0.9223192915522131, -0.018911959562699424, 0.001496508735056602, nan]"
P'-vdW (HO--FH),φ HOH'F,10,True,15,0,-18.42741606982474,-16.151340776497495,"[0.9735, 3.9974, 0.922, 17.51, 46.76, 0.00011]","[0.9728189929203712, 23.152003907638274, 0.9223123229467478, 0.3648480843326354, 0.3143959504519254, 0.48594000359812217]"
P'-vdW (HO--FH),φ HOH'F,15,False,7,0,-18.427416069824744,115.302739153,"[0.9735, 3.9974, 0.922, 17.51, 46.76, 0.000115]","[0.9728351769468793, 14.427641808642045, 0.9223192914360374, 0.010734319338559284, -0.016545067976165985, nan]"
P'-vdW (HO--FH),φ HOH'F,20,False,7,0,-18.427416069824524,115.302739153,"[0.9735, 3.9974, 0.922, 17.51, 46.76, 0.00012]","[0.9728351768013577, 14.427675487221894, 0.9223192912234889, -0.009579287346854712, -0.047476205407802445, nan]"
P'-vdW (HO--FH),φ HOH'F,25,False,7,0,-18.427416069824428,115.302739153,"[0.9735, 3.9974, 0.922, 17.51, 46.76, 0.000125]","[0.9728351770739885, 14.427741737376355, 0.9223192917021139, 0.009200030504832845, -0.027430197630465673, nan]"
